交易日期,種類代碼,作物代號,作物名稱,市場代號,市場名稱,上價,中價,下價,平均價,交易量
111.12.07,N05,22,棗子,104,台北二,156,96.4,59.9,101,1422
111.12.07,N05,469,藍莓-進口藍莓,104,台北二,133.3,133.3,133.3,133.3,1240
111.12.07,N05,51,百香果-改良種,104,台北二,82.3,40.8,25.6,46.1,6830
111.12.07,N05,811,火龍果-白肉,104,台北二,107.8,76.4,53.7,78.1,2196
111.12.07,N05,A0,香蕉-其他,104,台北二,8,6.4,6,6.6,89
111.12.07,N05,A4,香蕉-越旦,104,台北二,22.1,18,13.5,18,590
111.12.07,N05,B2,鳳梨-金鑽鳳梨,104,台北二,32.5,21.8,11.5,21.9,5568
111.12.07,N05,C6,佛利檬-佛利檬,104,台北二,60,48,23.8,45.6,3220
111.12.07,,C8,,104,台北二,103.9,66.3,34.2,67.4,541
111.12.07,N05,C9,椪柑-進口,104,台北二,113.8,37,37,52.4,2583
111.12.07,N05,E0,甜橙-其他,104,台北二,60,56.1,55,56.7,90
111.12.07,N05,F0,雜柑-其他,104,台北二,35,24,14.2,24.2,259
111.12.07,N05,F2,雜柑-金棗,104,台北二,61.5,52.8,50,54,96
111.12.07,N05,F4,雜柑-桔子,104,台北二,50,44.4,32.6,43.2,136
111.12.07,N05,F5,雜柑-無子檸檬,104,台北二,92.2,51.6,30.9,55.6,1379
111.12.07,N04,FB0,花椰菜-其他,104,台北二,45,45,45,45,40
111.12.07,N04,FD0,花胡瓜-其他,104,台北二,122.7,82.7,40,82.2,106
111.12.07,N04,FG0,苦瓜-其他,104,台北二,57,39.5,30,41.1,1113
111.12.07,N04,FG3,苦瓜-山苦瓜,104,台北二,105,105,105,105,14
111.12.07,N06,FA810,康乃馨-多朵紅,105,台北市場,22,22,22,22,30
111.12.07,N06,FA884,康乃馨-多朵黃帶紅,105,台北市場,26,26,26,26,60
111.12.07,N06,FA986,美女撫子-白,105,台北市場,56,56,56,56,16
111.12.07,   ,FA990,繡球撫子-紫白,105,台北市場,105,67,33,67.8,96
111.12.07,N06,FB105,火鶴花-紅綠邊,105,台北市場,11,10,8,10,90
111.12.07,,FB113,,105,台北市場,17,11,6,11,1232
111.12.07,N06,FB407,火鶴花-夢幻,105,台北市場,13,9,6,9.5,400
111.12.07,N06,FB419,火鶴花-太極,105,台北市場,15,9,5,9.7,160
111.12.07,N06,FB420,火鶴花-小紅莓,105,台北市場,16,15,13,14.8,315
111.12.07,N06,FB504,火鶴花-雷夢娜,105,台北市場,13,10,7,10,155
111.12.07,N06,FB700,火鶴花-花紫,105,台北市場,13,8,5,8.2,815
111.12.07,N06,FB805,火鶴花-黑珍珠,105,台北市場,6,5,5,5.2,435
111.12.07,N06,FC100,大菊-紅,105,台北市場,106,101,101,102.2,84
111.12.07,   ,FC206,大菊-金嗓,105,台北市場,121,106,99,107.6,100
111.12.07,,FC207,,105,台北市場,100,100,100,100,66
111.12.07,,FC208,,105,台北市場,94,88,82,88,80
111.12.07,N06,FC300,大菊-黃,105,台北市場,98,98,98,98,20
111.12.07,N06,FC302,大菊-世界一,105,台北市場,176,164,107,155.3,263
111.12.07,N06,FC400,大菊-粉,105,台北市場,82,79,70,78,75
111.12.07,N06,FC408,大菊-粉乒乓,105,台北市場,74,74,74,74,56
111.12.07,N06,FC410,大菊-羅莎諾粉,105,台北市場,144,143,134,141.6,125
111.12.07,N06,FC613,大菊-白天星,105,台北市場,32,27,19,26.4,175
111.12.07,N06,FC800,大菊-  染色大菊,105,台北市場,123,107,88,106.6,615
111.12.07,   ,FC804,染大菊-白天星,105,台北市場,100,74,25,69.7,690
111.12.07,N06,FD100,小菊-紅,105,台北市場,112,110,70,102.1,107
111.12.07,N06,FD113,小菊-日本小紅,105,台北市場,114,105,65,98.9,313
111.12.07,N06,FD200,小菊-金,105,台北市場,130,100,67,99.6,248
111.12.07,N06,FD300,小菊-黃,105,台北市場,102,96,65,91.3,230
111.12.07,N06,FD326,小菊-蒙那麗莎陽光黃,105,台北市場,71,50,45,53.3,210
111.12.07,N06,FD350,小菊-黃風車,105,台北市場,110,107,99,105.9,48
111.12.07,N06,FD431,小菊-桃紅雲南菊,105,台北市場,85,85,85,85,15
111.12.07,,FD457,,105,台北市場,93,82,62,80,1013
111.12.07,N06,FD504,小菊-貝雷錄,105,台北市場,110,105,100,105,30
111.12.07,,FD657,,105,台北市場,120,94,53,90.9,197
111.12.07,N06,FD802,染小菊-白鑽石,105,台北市場,82,63,31,60.5,436
111.12.07,N06,FE001,非洲菊-混合色,105,台北市場,102,59,46,64.9,900
111.12.07,N06,FE100,非洲菊-紅,105,台北市場,23,23,23,23,20
111.12.07,   ,FE112,非洲-天籟,105,台北市場,62,33,22,36.4,536
111.12.07,N06,FE400,非洲菊-粉,105,台北市場,16,16,16,16,20
111.12.07,N06,FE409,非洲菊-粉紅魅力,105,台北市場,80,57,53,60.6,166
111.12.07,N06,FG105,劍蘭-２３５號,105,台北市場,30,27,24,27,40
111.12.07,N06,FG200,劍蘭-橙,105,台北市場,39,39,39,39,40
111.12.07,N06,FH000,其它花卉-其它花卉,105,台北市場,168,43,5,60.6,476
111.12.07,N06,FH052,水仙百合-橙,105,台北市場,43,42,40,41.5,40
111.12.07,N06,FH123,黃金鳥-黃金鳥,105,台北市場,36,29,24,29.3,48
111.12.07,N06,FH131,鶴焦-鶴焦,105,台北市場,20,14,8,13.9,115
111.12.07,N06,FH240,麥桿菊-麥桿菊,105,台北市場,59,56,52,56.1,61
111.12.07,N05,22,棗子,109,台北一,162.6,85.6,45.7,93,4244
111.12.07,N05,70,小番茄-其他,109,台北一,80.7,51.9,39.7,55.2,1229
111.12.07,N05,74,小番茄-玉女,109,台北一,255.8,156.3,78.8,160.7,5970
111.12.07,N05,839,櫻桃-進口,109,台北一,353,316.5,262.8,313.1,1099
111.12.07,N05,A3,香蕉-旦蕉,109,台北一,72.2,37.4,27.3,42.4,187
111.12.07,N05,A4,香蕉-越旦,109,台北一,19,14.1,10.4,14.3,945
111.12.07,N05,B2,鳳梨-金鑽鳳梨,109,台北一,26.1,19.2,12.6,19.2,16603
111.12.07,N05,C1,椪柑,109,台北一,60.5,37.4,17.7,38.1,59456
111.12.07,,C8,,109,台北一,140.6,86.5,43.4,88.7,4112
111.12.07,N05,E0,甜橙-其他,109,台北一,18,17.2,16,17.1,105
111.12.07,N05,F2,雜柑-金棗,109,台北一,54.2,46,45,47.4,144
111.12.07,N05,F9,雜柑-進口,109,台北一,166.7,142.2,133.3,145.3,78
111.12.07,N04,FB0,花椰菜-其他,109,台北一,60,43,35,44.8,52
111.12.07,N04,FB11,花椰菜-青梗,109,台北一,69.2,46.6,26.2,47,13396
111.12.07,N04,FC1,胡瓜-黑刺,109,台北一,54.6,40.3,24.4,40,8005
111.12.07,N04,FD0,花胡瓜-其他,109,台北一,86.6,82.1,71.1,80.8,234
111.12.07,N04,FE1,冬瓜-白皮,109,台北一,15.9,10.7,5.8,10.7,5651
111.12.07,N05,22,棗子,220,板橋區,60,53.7,50,54.2,1200
111.12.07,N05,51,百香果-改良種,220,板橋區,39.7,32.2,23.7,32,1551
111.12.07,N05,70,小番茄-其他,220,板橋區,60,60,60,60,12
111.12.07,N05,74,小番茄-玉女,220,板橋區,100.2,96.1,81,93.9,2424
111.12.07,N05,839,櫻桃-進口,220,板橋區,700,669.7,533.3,648.5,330
111.12.07,N05,91,其他,220,板橋區,25,13.9,10,15.4,112
111.12.07,N05,A0,香蕉-其他,220,板橋區,10,10,8,9.6,826
111.12.07,N05,A4,香蕉-越旦,220,板橋區,30,26.1,21.4,25.9,312
111.12.07,N05,B2,鳳梨-金鑽鳳梨,220,板橋區,22.4,16.6,13.1,17,5399
111.12.07,N05,C1,椪柑,220,板橋區,39.4,26.3,18.6,27.4,22839
111.12.07,N05,C7,豔陽柑-豔陽柑,220,板橋區,40,37.5,35,37.5,600
111.12.07,,C8,,220,板橋區,50,44.4,29.4,42.5,115
111.12.07,N04,FC1,胡瓜-黑刺,220,板橋區,42.5,30.1,17.8,30.1,1501
111.12.07,N04,FF0,絲瓜-其他,220,板橋區,55,55,55,55,18
111.12.07,N05,129,椰子-進口剝殼,241,三重區,60,51.3,50,52.8,360
111.12.07,N05,31,釋迦,241,三重區,64.6,50,48.8,52.7,8198
111.12.07,N05,32,釋迦-鳳梨釋迦,241,三重區,37.1,30,29.8,31.4,6438
111.12.07,N05,45,草莓,241,三重區,118,118,82,110.8,1314.5
111.12.07,N05,51,百香果-改良種,241,三重區,64.1,31.6,23.3,36.4,7160
111.12.07,N05,70,小番茄-其他,241,三重區,47.7,35.8,26.9,36.4,774
111.12.07,N05,74,小番茄-玉女,241,三重區,107.8,96.9,56.3,91,11781
111.12.07,N05,812,火龍果-紅肉,241,三重區,78.5,54.1,39,56,17482
111.12.07,N05,839,櫻桃-進口,241,三重區,561.3,500,476.2,507.5,1577.5
111.12.07,N05,A0,香蕉-其他,241,三重區,10,10,9.2,9.8,168
111.12.07,N05,A4,香蕉-越旦,241,三重區,28.7,24.4,18.1,24,1158
111.12.07,N05,C1,椪柑,241,三重區,37,23,21.1,25.4,109015
111.12.07,N05,C4,紅柑-美女柑,241,三重區,25,25,25,25,80
111.12.07,N05,C5,溫州柑-溫州柑,241,三重區,30,30,30,30,12
111.12.07,,C8,,241,三重區,115.3,60.7,48.9,69.2,1277
111.12.07,N05,E0,甜橙-其他,241,三重區,25,25,21.5,24.3,285
111.12.07,N05,E3,甜橙-紅肉柳橙,241,三重區,20,11.7,8,12.6,414
111.12.07,N05,F2,雜柑-金棗,241,三重區,53.1,31.8,27.8,35.3,562
111.12.07,N05,F9,雜柑-進口,241,三重區,514.3,501.1,500,503.5,42.5
111.12.07,N04,FB1,花椰菜-青梗,241,三重區,46.7,38.3,19.9,36.3,3368
111.12.07,N04,FC1,胡瓜-黑刺,241,三重區,31.2,18.7,10,19.5,2149
111.12.07,N04,FG4,苦瓜-翠綠,241,三重區,25,25,25,25,40
111.12.07,N05,31,釋迦,260,宜蘭市,95,75,30,75,1000
111.12.07,N05,32,釋迦-鳳梨釋迦,260,宜蘭市,63,55,30,55,1200
111.12.07,N05,45,草莓,260,宜蘭市,200,120,60,120,1000
111.12.07,N05,72,小番茄-聖女,260,宜蘭市,95,50,20,50,1600
111.12.07,N05,74,小番茄-玉女,260,宜蘭市,270,170,100,170,1000
111.12.07,N05,812,火龍果-紅肉,260,宜蘭市,85,65,30,65,2800
111.12.07,N05,C1,椪柑,260,宜蘭市,62,42,30,42,5600
111.12.07,N05,F1,雜柑-檸檬,260,宜蘭市,110,70,25,70,1200
111.12.07,N04,FF1,絲瓜-絲瓜,260,宜蘭市,60,45,30,45,1200
111.12.07,N05,45,草莓,338,桃農,255,255,255,255,13
111.12.07,N05,72,小番茄-聖女,338,桃農,33.9,28.1,23.5,28.3,222
111.12.07,N05,811,火龍果-白肉,338,桃農,50,42.6,40,43.6,38
111.12.07,N05,A2,香蕉-芭蕉紅芭蕉,338,桃農,25,25,25,25,17
111.12.07,N04,FF1,絲瓜-絲瓜,338,桃農,47.6,38.2,26.6,37.8,465
111.12.07,N05,32,釋迦-鳳梨釋迦,400,台中市,63.3,45.6,25.9,48.8,2641
111.12.07,N05,45,草莓,400,台中市,206.7,166.7,100,168.7,5686
111.12.07,N05,70,小番茄-其他,400,台中市,73.9,46,27.5,47.6,2841
111.12.07,N05,A1,香蕉,400,台中市,20,14.4,8.4,17.8,41650
111.12.07,N05,A3,香蕉-旦蕉,400,台中市,30,30,20,28.2,333
111.12.07,N05,C1,椪柑,400,台中市,48.4,30.1,13.2,33.5,105170
111.12.07,N05,C6,佛利檬-佛利檬,400,台中市,42.6,36.8,27,35.5,2341
111.12.07,,C8,,400,台中市,65.2,56.7,38.8,58.2,4200
111.12.07,N05,C9,椪柑-進口,400,台中市,125,125,125,125,352
111.12.07,N05,E0,甜橙-其他,400,台中市,25,20,10,19.3,616
111.12.07,N05,E1,甜橙-柳橙,400,台中市,22.2,16.8,10.7,18.9,27937
111.12.07,N05,F1,雜柑-檸檬,400,台中市,71.7,48,16.5,52.9,4272
111.12.07,N05,F2,雜柑-金棗,400,台中市,50,42,32.5,44.9,597
111.12.07,N05,F5,雜柑-無子檸檬,400,台中市,64,40,26,42.7,161
111.12.07,N05,F9,雜柑-進口,400,台中市,125,125,125,125,84
111.12.07,N04,FA1,黃秋葵,400,台中市,91.2,58.4,24,59.3,151
111.12.07,N04,FB1,花椰菜-青梗,400,台中市,45.7,34.6,15.6,34.2,2028
111.12.07,N04,FD1,花胡瓜,400,台中市,70.2,50.1,34.2,52.4,2175
111.12.07,N04,FE1,冬瓜-白皮,400,台中市,12.2,9,6,9.6,702
111.12.07,N04,FH1,扁蒲-長形,400,台中市,25,24,24,24.2,144
111.12.07,N05,11,椰子,420,豐原區,12,8.4,7,8.8,135.7
111.12.07,N05,31,釋迦,420,豐原區,81.2,55.2,38.7,57.1,1045.4
111.12.07,N05,70,小番茄-其他,420,豐原區,50,50,50,50,12
111.12.07,N05,C1,椪柑,420,豐原區,39.8,29.2,15,28.5,5808.6
111.12.07,,C8,,420,豐原區,68,58.9,37,56.4,106.4
111.12.07,N05,F1,雜柑-檸檬,420,豐原區,63,44.4,37,46.6,25.7
111.12.07,N04,FD1,花胡瓜,420,豐原區,80.6,56.1,38.6,57.5,631
111.12.07,N05,C1,椪柑,423,東勢鎮,49.7,31.9,14.8,31.92,9663.6
111.12.07,N05,E0,甜橙-其他,423,東勢鎮,44.7,31.6,25,33.18,924
111.12.07,N05,F1,雜柑-檸檬,423,東勢鎮,47.5,24.5,11.6,32.31,1602.6
111.12.07,N04,FC1,胡瓜-黑刺,514,溪湖鎮,49.5,30,30,33.9,1613
111.12.07,N04,FG1,苦瓜-白大米,514,溪湖鎮,76.5,60,43.5,60,463
111.12.07,N04,FD1,花胡瓜,540,南投市,70,62,40,61.67,120
111.12.07,N05,31,釋迦,600,嘉義市,85,50,30,50,3000
111.12.07,N05,812,火龍果-紅肉,600,嘉義市,70,45,20,45,2000
111.12.07,N05,859,榴槤-進口,600,嘉義市,180,167,130,167,500
111.12.07,N05,91,其他,600,嘉義市,66,36,11,36,3500
111.12.07,N05,A1,香蕉,600,嘉義市,25,14,8,14,3200
111.12.07,N05,C1,椪柑,600,嘉義市,60,36,18,36,4900
111.12.07,N05,E1,甜橙-柳橙,600,嘉義市,26,17,12,17,5400
111.12.07,N05,31,釋迦,800,高雄市,77.5,66.7,65,68.5,1200
111.12.07,N05,32,釋迦-鳳梨釋迦,800,高雄市,63.6,44.1,30,45.2,2256
111.12.07,N05,45,草莓,800,高雄市,294,195.5,100,196.1,284
111.12.07,N05,72,小番茄-聖女,800,高雄市,45.5,42.8,41.7,43.1,137
111.12.07,N05,849,石榴-進口,800,高雄市,240,193,170,197.8,90
111.12.07,N05,A1,香蕉,800,高雄市,35,25,15,25,3900
111.12.07,N05,B2,鳳梨-金鑽鳳梨,800,高雄市,30,26.8,18.8,25.8,1679
111.12.07,N05,C6,佛利檬-佛利檬,800,高雄市,43.8,30.7,19.4,31.1,672
111.12.07,N05,C7,豔陽柑-豔陽柑,800,高雄市,80,80,80,80,216
111.12.07,N05,D2,海梨-海梨,800,高雄市,22.5,17.2,12.5,17.3,1160
111.12.07,N05,E1,甜橙-柳橙,800,高雄市,28.6,21.4,16.4,21.8,4245
111.12.07,N05,E9,甜橙-進口,800,高雄市,76.8,72.2,67.6,72.2,1080
111.12.07,N05,F2,雜柑-金棗,800,高雄市,45,43.7,40,43.2,426
111.12.07,N04,FA1,黃秋葵,800,高雄市,101.2,61.8,50.9,67.5,613
111.12.07,N04,FC1,胡瓜-黑刺,800,高雄市,36.9,24.3,16,25.1,5666
111.12.07,N04,FF2,絲瓜-角瓜,800,高雄市,50,50,50,50,100
111.12.07,N05,32,釋迦-鳳梨釋迦,830,鳳山區,53.3,27.9,20,27.9,2720
111.12.07,N05,D2,海梨-海梨,830,鳳山區,19,11.9,9,11.9,6390
111.12.07,N04,FB2,花椰菜-白梗,830,鳳山區,45.6,40.7,36,40.8,1106
111.12.07,N04,FH1,扁蒲-長形,830,鳳山區,24.9,14.7,10,15.8,810
111.12.07,N04,FA1,黃秋葵,900,屏東市,25,20.7,17.3,20.7,835
111.12.07,N04,FF1,絲瓜-絲瓜,900,屏東市,31.9,17.8,10,17.8,5180
111.12.07,N04,FG2,苦瓜-青大米,900,屏東市,50,38.2,26.4,38.2,121
111.12.07,N04,FB1,花椰菜-青梗,930,台東市,50,42,33,42,436
111.12.07,N04,FD1,花胡瓜,930,台東市,73,63,35,59,489
111.12.06,N05,129,椰子-進口剝殼,104,台北二,26.7,20.2,20,21.5,2050
111.12.06,N05,22,棗子,104,台北二,154.7,84.3,51.8,91.9,1048
111.12.06,N05,469,藍莓-進口藍莓,104,台北二,133.3,133.3,133.3,133.3,750
111.12.06,N05,51,百香果-改良種,104,台北二,74,39,25.5,43.3,10707
111.12.06,N05,A0,香蕉-其他,104,台北二,6,6,6,6,22
111.12.06,N05,A4,香蕉-越旦,104,台北二,27.9,21.4,12.6,20.9,886
111.12.06,N05,B2,鳳梨-金鑽鳳梨,104,台北二,32.8,20.2,11.4,20.9,4691
111.12.06,N05,C6,佛利檬-佛利檬,104,台北二,60.2,44.4,25,43.7,3741
111.12.06,,C8,,104,台北二,119.1,86,50.6,85.5,909
111.12.06,N05,C9,椪柑-進口,104,台北二,422.4,255.1,213.3,280.2,79
111.12.06,N05,E0,甜橙-其他,104,台北二,35,35,35,35,120
111.12.06,N05,E9,甜橙-進口,104,台北二,11.1,11.1,11.1,11.1,2880
111.12.06,N05,F0,雜柑-其他,104,台北二,25,24.5,20,23.7,76
111.12.06,N05,F2,雜柑-金棗,104,台北二,58,43.1,15,40.4,76
111.12.06,N05,F4,雜柑-桔子,104,台北二,50,43.8,24.2,41.1,208
111.12.06,N05,F5,雜柑-無子檸檬,104,台北二,94.7,51,20.1,53.6,2254
111.12.06,N04,FA0,其他花類,104,台北二,100,100,100,100,5
111.12.06,N04,FD0,花胡瓜-其他,104,台北二,100,76.4,46.8,75.2,315
111.12.06,N04,FE2,冬瓜-青皮,104,台北二,12,12,12,12,214
111.12.06,N04,FG0,苦瓜-其他,104,台北二,56,40.6,28.1,41.2,1534
111.12.06,N06,FA884,康乃馨-多朵黃帶紅,105,台北市場,25,23,21,23,60
111.12.06,N06,FA986,美女撫子-白,105,台北市場,90,90,90,90,15
111.12.06,   ,FA988,繡球撫子-雙色,105,台北市場,53,53,53,53,13
111.12.06,   ,FA990,繡球撫子-紫白,105,台北市場,81,81,81,81,16
111.12.06,N06,FB106,火鶴花-丘比特,105,台北市場,16,11,7,11,2274
111.12.06,,FB113,,105,台北市場,17,11,8,11.9,3231
111.12.06,N06,FB408,火鶴花-粉佳人,105,台北市場,13,9,5,8.9,250
111.12.06,N06,FB419,火鶴花-太極,105,台北市場,16,10,5,10.4,1094
111.12.06,N06,FB420,火鶴花-小紅莓,105,台北市場,12,12,8,11.1,175
111.12.06,N06,FB601,火鶴花-白青心,105,台北市場,16,14,10,13.3,303
111.12.06,N06,FB700,火鶴花-花紫,105,台北市場,11,7,6,7.7,1091
111.12.06,N06,FC100,大菊-紅,105,台北市場,160,148,146,150,56
111.12.06,   ,FC206,大菊-金嗓,105,台北市場,118,101,91,102.4,200
111.12.06,,FC207,,105,台北市場,122,122,122,122,65
111.12.06,,FC208,,105,台北市場,112,102,100,103.6,63
111.12.06,N06,FC302,大菊-世界一,105,台北市場,172,162,147,160.8,215
111.12.06,N06,FC408,大菊-粉乒乓,105,台北市場,90,90,90,90,84
111.12.06,N06,FC410,大菊-羅莎諾粉,105,台北市場,153,151,144,149.8,125
111.12.06,N06,FC613,大菊-白天星,105,台北市場,50,42,22,39.6,125
111.12.06,N06,FC800,大菊-  染色大菊,105,台北市場,133,123,108,121.7,852
111.12.06,   ,FC804,染大菊-白天星,105,台北市場,121,100,69,98.4,882
111.12.06,N06,FD000,小菊-小菊,105,台北市場,98,91,85,91.2,250
111.12.06,N06,FD113,小菊-日本小紅,105,台北市場,112,107,60,98.9,466
111.12.06,N06,FD200,小菊-金,105,台北市場,128,125,120,124.6,125
111.12.06,N06,FD300,小菊-黃,105,台北市場,105,91,52,86.3,583
111.12.06,N06,FD326,小菊-蒙那麗莎陽光黃,105,台北市場,77,74,68,73.3,240
111.12.06,N06,FD350,小菊-黃風車,105,台北市場,101,101,101,101,330
111.12.06,N06,FD431,小菊-桃紅雲南菊,105,台北市場,93,93,93,93,30
111.12.06,,FD457,,105,台北市場,135,118,78,113.7,293
111.12.06,N06,FD504,小菊-貝雷錄,105,台北市場,110,110,110,110,80
111.12.06,N06,FD600,小菊-白,105,台北市場,90,83,75,82.7,321
111.12.06,,FD657,,105,台北市場,143,143,143,143,60
111.12.06,N06,FD802,染小菊-白鑽石,105,台北市場,91,83,68,81.7,847
111.12.06,N06,FE001,非洲菊-混合色,105,台北市場,114,57,48,66.5,800
111.12.06,   ,FE112,非洲-天籟,105,台北市場,65,56,44,55.5,480
111.12.06,N06,FE400,非洲菊-粉,105,台北市場,23,23,23,23,20
111.12.06,N06,FE409,非洲菊-粉紅魅力,105,台北市場,50,40,24,38.7,300
111.12.06,,FE606,,105,台北市場,90,90,90,90,30
111.12.06,N06,FG105,劍蘭-２３５號,105,台北市場,60,51,50,52.7,74
111.12.06,N06,FH000,其它花卉-其它花卉,105,台北市場,220,155,75,151.2,167
111.12.06,N06,FH050,水仙百合-混色,105,台北市場,0,0,0,0,0
111.12.06,N06,FH051,水仙百合-紅,105,台北市場,134,129,110,125.6,37
111.12.06,N06,FH123,黃金鳥-黃金鳥,105,台北市場,42,37,31,36.7,68
111.12.06,N06,FH240,麥桿菊-麥桿菊,105,台北市場,62,57,42,55.3,51
111.12.06,N06,FH313,大理花-黃色,105,台北市場,0,0,0,0,0
111.12.06,N05,129,椰子-進口剝殼,109,台北一,26.7,21.1,17.8,21.5,1400
111.12.06,N05,22,棗子,109,台北一,159.8,82.2,37.3,88.7,3034
111.12.06,N05,51,百香果-改良種,109,台北一,76,37.6,25,42.7,9312
111.12.06,N05,70,小番茄-其他,109,台北一,77,45.8,33.2,49.5,2431
111.12.06,N05,74,小番茄-玉女,109,台北一,258.4,155.1,75.1,159.8,5159
111.12.06,N05,839,櫻桃-進口,109,台北一,627.1,418.7,290.8,434.8,316
111.12.06,N05,859,榴槤-進口,109,台北一,83.3,83.3,83.3,83.3,1668
111.12.06,N05,A3,香蕉-旦蕉,109,台北一,82.8,43.7,26.4,48.1,371
111.12.06,N05,A4,香蕉-越旦,109,台北一,21.4,14.2,10.2,14.8,1314
111.12.06,N05,B2,鳳梨-金鑽鳳梨,109,台北一,26.6,19.9,13.4,19.9,15306
111.12.06,N05,C7,豔陽柑-豔陽柑,109,台北一,41,32.5,30.5,33.8,234
111.12.06,N05,E0,甜橙-其他,109,台北一,20,20,20,20,120
111.12.06,N05,F2,雜柑-金棗,109,台北一,54,43,30,42.6,182
111.12.06,N05,F9,雜柑-進口,109,台北一,166.7,166.7,166.7,166.7,32
111.12.06,N04,FA0,其他花類,109,台北一,90,90,90,90,40
111.12.06,N04,FB11,花椰菜-青梗,109,台北一,66.2,44.1,25.2,44.7,22304
111.12.06,N04,FD0,花胡瓜-其他,109,台北一,97.7,68.7,50,70.8,720
111.12.06,N04,FE1,冬瓜-白皮,109,台北一,17,11.6,8.8,12.1,6725
111.12.06,N05,129,椰子-進口剝殼,220,板橋區,85.7,81.5,75,81.1,248
111.12.06,N05,22,棗子,220,板橋區,60,55.9,50,55.6,744
111.12.06,N05,469,藍莓-進口藍莓,220,板橋區,200,200,200,200,75
111.12.06,N05,51,百香果-改良種,220,板橋區,39.8,35,29.5,34.9,1418
111.12.06,N05,74,小番茄-玉女,220,板橋區,100.4,97.6,81,94.9,2314
111.12.06,N05,839,櫻桃-進口,220,板橋區,680,643.7,600,642.2,317.5
111.12.06,N05,91,其他,220,板橋區,31.8,6.3,5,11.1,803
111.12.06,N05,A0,香蕉-其他,220,板橋區,10,10,6.6,9.3,321
111.12.06,N05,A4,香蕉-越旦,220,板橋區,31.3,27,18.6,26.2,474
111.12.06,N05,B2,鳳梨-金鑽鳳梨,220,板橋區,23,16,11.4,16.5,5088
111.12.06,N05,C1,椪柑,220,板橋區,39.2,25.8,19.4,27.2,25814
111.12.06,N05,C7,豔陽柑-豔陽柑,220,板橋區,40,33.4,30,34.1,696
111.12.06,,C8,,220,板橋區,60,50.8,34.9,49.4,117
111.12.06,N05,E0,甜橙-其他,220,板橋區,22,21.1,20,21.1,183
111.12.06,N05,F2,雜柑-金棗,220,板橋區,40,37.6,35,37.6,82
111.12.06,N04,FB0,花椰菜-其他,220,板橋區,45,45,45,45,14
111.12.06,N04,FC1,胡瓜-黑刺,220,板橋區,39.9,27.7,16.8,27.9,2282
111.12.06,N04,FF0,絲瓜-其他,220,板橋區,70,43.1,40,47.9,68.5
111.12.06,N05,129,椰子-進口剝殼,241,三重區,62.1,50,50,52.4,2024
111.12.06,N05,31,釋迦,241,三重區,62.1,44.1,44,47.7,11339
111.12.06,N05,45,草莓,241,三重區,96.6,95,64.5,89.2,1513
111.12.06,N05,51,百香果-改良種,241,三重區,64.9,32.6,20.8,36.7,11548
111.12.06,N05,70,小番茄-其他,241,三重區,58.3,38,29.6,40.4,934
111.12.06,N05,74,小番茄-玉女,241,三重區,111.6,104.6,60.8,97.2,11821
111.12.06,N05,812,火龍果-紅肉,241,三重區,82.7,57.1,40,58.8,10954
111.12.06,N05,839,櫻桃-進口,241,三重區,680,538.2,495.5,558,2757.5
111.12.06,N05,A0,香蕉-其他,241,三重區,12,12,12,12,290
111.12.06,N05,A4,香蕉-越旦,241,三重區,32.8,27.9,18.4,27,1031
111.12.06,N05,C1,椪柑,241,三重區,38.5,24,21.7,26.5,118296
111.12.06,,C8,,241,三重區,92.3,50.1,45,57.5,2746
111.12.06,N05,E0,甜橙-其他,241,三重區,24.2,22.8,20.5,22.6,612
111.12.06,N05,E3,甜橙-紅肉柳橙,241,三重區,30.9,27.9,20,26.9,744
111.12.06,N05,F9,雜柑-進口,241,三重區,513.5,512.9,500,510.4,52.7
111.12.06,N04,FB0,花椰菜-其他,241,三重區,20,18.5,17,18.5,80
111.12.06,N04,FB1,花椰菜-青梗,241,三重區,44.1,40.4,25.5,38.1,4243
111.12.06,N04,FC1,胡瓜-黑刺,241,三重區,34.1,22,11.4,22.3,2012
111.12.06,N04,FF0,絲瓜-其他,241,三重區,20,20,20,20,18
111.12.06,N04,FG4,苦瓜-翠綠,241,三重區,31.8,28.7,23.7,28.3,332
111.12.06,N05,72,小番茄-聖女,260,宜蘭市,90,55,30,55,1600
111.12.06,N05,812,火龍果-紅肉,260,宜蘭市,80,60,30,60,2200
111.12.06,N05,C1,椪柑,260,宜蘭市,60,36,20,36,5400
111.12.06,N04,FF1,絲瓜-絲瓜,260,宜蘭市,55,40,25,40,1600
111.12.06,N05,45,草莓,338,桃農,170,170,170,170,20
111.12.06,N05,70,小番茄-其他,338,桃農,54.2,50,50,50.8,60
111.12.06,N05,72,小番茄-聖女,338,桃農,25,22.9,20,22.8,222
111.12.06,N05,74,小番茄-玉女,338,桃農,45,45,45,45,20
111.12.06,N05,812,火龍果-紅肉,338,桃農,49,48.1,44.3,47.5,138
111.12.06,N05,A2,香蕉-芭蕉紅芭蕉,338,桃農,18,14.7,10,14.4,29
111.12.06,N05,A4,香蕉-越旦,338,桃農,32,29.3,20.7,28.2,35
111.12.06,N05,E0,甜橙-其他,338,桃農,27,20.7,15,20.8,180
111.12.06,N04,FC1,胡瓜-黑刺,338,桃農,36.1,27,21.4,27.7,1985
111.12.06,N04,FF0,絲瓜-其他,338,桃農,25,23.5,22,23.5,72
111.12.06,N04,FF1,絲瓜-絲瓜,338,桃農,42.6,38.5,29,37.4,782
111.12.06,N04,FG4,苦瓜-翠綠,338,桃農,40,40,40,40,8
111.12.06,N04,FH4,扁蒲-梨子蒲,338,桃農,34.1,21.9,16.7,23.3,954
111.12.06,N05,12,椰子-剝殼,400,台中市,38,32,30,31.3,164
111.12.06,N05,129,椰子-進口剝殼,400,台中市,50,50,50,50,650
111.12.06,N05,32,釋迦-鳳梨釋迦,400,台中市,61.7,47.4,33.3,48.5,4355
111.12.06,N05,45,草莓,400,台中市,203.1,163,100,163.9,6884
111.12.06,N05,849,石榴-進口,400,台中市,125,125,125,125,40
111.12.06,N05,A3,香蕉-旦蕉,400,台中市,30,30,30,30,1260
111.12.06,N05,C1,椪柑,400,台中市,45.9,30.1,14.9,31.9,138056
111.12.06,N05,C4,紅柑-美女柑,400,台中市,35,31,20,29.6,144
111.12.06,N05,C6,佛利檬-佛利檬,400,台中市,42.4,36.8,29,37,4633
111.12.06,,C8,,400,台中市,70,58.4,37.2,60.3,4859
111.12.06,N05,C9,椪柑-進口,400,台中市,125,125,125,125,988
111.12.06,N05,E0,甜橙-其他,400,台中市,30,27.5,20,26.3,2042
111.12.06,N05,E1,甜橙-柳橙,400,台中市,24.1,18.7,9.3,19.2,64694
111.12.06,N05,E3,甜橙-紅肉柳橙,400,台中市,28,21.9,11.2,20.2,1518
111.12.06,N05,F1,雜柑-檸檬,400,台中市,63.8,52.7,37.5,53.9,2146
111.12.06,N05,F2,雜柑-金棗,400,台中市,50,43.8,35,43.5,807
111.12.06,N05,F5,雜柑-無子檸檬,400,台中市,75,49.8,33.3,65.6,750
111.12.06,N05,F9,雜柑-進口,400,台中市,125,125,125,125,56
111.12.06,N06,FA810,康乃馨-多朵紅,400,台中市場,27,27,27,27,36
111.12.06,N06,FA985,美女撫子-綠石竹,400,台中市場,67,67,67,67,15
111.12.06,N04,FB0,花椰菜-其他,400,台中市,67,53.5,40,58.5,51
111.12.06,N04,FB1,花椰菜-青梗,400,台中市,41.6,30.1,10.1,28.7,3210
111.12.06,N06,FB106,火鶴花-丘比特,400,台中市場,7,7,7,7,45
111.12.06,,FB113,,400,台中市,17,13,7,13,850
111.12.06,N06,FB407,火鶴花-夢幻,400,台中市場,15,12,10,12,210
111.12.06,N06,FC100,大菊-紅,400,台中市場,96,96,96,96,20
111.12.06,   ,FC206,大菊-金嗓,400,台中市,81,81,81,81,40
111.12.06,,FC207,,400,台中市,101,101,101,101,44
111.12.06,N06,FC302,大菊-世界一,400,台中市場,87,82,81,83,70
111.12.06,N06,FC408,大菊-粉乒乓,400,台中市場,91,91,91,91,56
111.12.06,N06,FC803,染大菊-牡丹,400,台中市場,282,282,282,282,30
111.12.06,   ,FC804,染大菊-白天星,400,台中市,86,73,62,73,196
111.12.06,N04,FD1,花胡瓜,400,台中市,67.7,47.6,32.6,50.2,3887
111.12.06,N06,FD326,小菊-蒙那麗莎陽光黃,400,台中市場,26,26,26,26,196
111.12.06,N06,FD400,小菊-粉,400,台中市場,49,39,32,40,182
111.12.06,N06,FD404,小菊-花花世界,400,台中市場,34,34,34,34,30
111.12.06,N06,FD423,小菊-粉日記,400,台中市場,37,26,20,27,83
111.12.06,,FD457,,400,台中市,69,69,69,69,30
111.12.06,N06,FD635,小菊-林克小白,400,台中市場,88,88,88,88,25
111.12.06,,FD657,,400,台中市,88,88,88,88,25
111.12.06,   ,FD801,染小菊-芬蘭,400,台中市,57,43,34,44,135
111.12.06,N06,FE001,非洲菊-混合色,400,台中市場,75,50,20,49,1260
111.12.06,N04,FE1,冬瓜-白皮,400,台中市,14.2,10.4,5.7,11.1,1993
111.12.06,   ,FE416,非洲-熱情粉,400,台中市,64,34,17,37,198
111.12.06,,FE606,,400,台中市,97,90,80,90,46
111.12.06,N06,FG105,劍蘭-２３５號,400,台中市場,54,27,19,31,236
111.12.06,N06,FG200,劍蘭-橙,400,台中市場,48,48,48,48,19
111.12.06,N04,FH1,扁蒲-長形,400,台中市,23,20,20,22.3,135
111.12.06,N06,FH633,海芋-黃,400,台中市場,54,44,40,45,56
111.12.06,N06,FH661,伯利恆之星-伯利恆之星,400,台中市場,84,59,28,58,58
111.12.06,N05,11,椰子,420,豐原區,15,9.7,8,10.4,230
111.12.06,N05,129,椰子-進口剝殼,420,豐原區,40,34.9,32,35.4,254.5
111.12.06,N05,31,釋迦,420,豐原區,81.1,69.8,57.6,69.6,293.1
111.12.06,N05,32,釋迦-鳳梨釋迦,420,豐原區,70,46.1,38,49.3,73.1
111.12.06,N05,859,榴槤-進口,420,豐原區,125,125,125,125,72
111.12.06,N05,C1,椪柑,420,豐原區,38,33.8,24.7,32.8,3848.2
111.12.06,,C8,,420,豐原區,71.3,49.5,23,48.5,191.6
111.12.06,N05,E1,甜橙-柳橙,420,豐原區,25,18.8,15,19.3,2240
111.12.06,N05,F1,雜柑-檸檬,420,豐原區,53.9,28.6,15,30.9,126.1
111.12.06,N05,F2,雜柑-金棗,420,豐原區,45,45,45,45,6.7
111.12.06,N04,FF1,絲瓜-絲瓜,420,豐原區,45.6,33,20,32.9,615
111.12.06,N05,C1,椪柑,423,東勢鎮,47.8,32.7,17.4,33.64,8922
111.12.06,N06,FA985,美女撫子-綠石竹,514,彰化市場,129,115,103,115,25
111.12.06,N06,FB105,火鶴花-紅綠邊,514,彰化市場,8,8,8,8,30
111.12.06,N06,FB106,火鶴花-丘比特,514,彰化市場,13,9,5,9,175
111.12.06,,FB113,,514,溪湖鎮,17,12,5,12,411
111.12.06,N06,FB407,火鶴花-夢幻,514,彰化市場,18,15,9,15,900
111.12.06,N06,FB500,火鶴花-翠綠,514,彰化市場,5,5,5,5,135
111.12.06,N06,FC000,大菊-大菊,514,彰化市場,109,85,41,81,209
111.12.06,N04,FC1,胡瓜-黑刺,514,溪湖鎮,50.3,50,31.5,46.4,896
111.12.06,N06,FC100,大菊-紅,514,彰化市場,111,111,111,111,48
111.12.06,   ,FC206,大菊-金嗓,514,溪湖鎮,101,83,60,82,295
111.12.06,,FC207,,514,溪湖鎮,92,90,87,90,44
111.12.06,N06,FC302,大菊-世界一,514,彰化市場,106,97,85,97,272
111.12.06,N06,FC805,染大菊-白東洋,514,彰化市場,96,96,96,96,69
111.12.06,N06,FD001,小菊-混合色,514,彰化市場,74,56,28,54,202
111.12.06,N06,FD113,小菊-日本小紅,514,彰化市場,103,76,29,72,144
111.12.06,N06,FD128,小菊-老虎紅,514,彰化市場,83,60,49,62,102
111.12.06,N06,FD326,小菊-蒙那麗莎陽光黃,514,彰化市場,84,74,61,73,56
111.12.06,N06,FD400,小菊-粉,514,彰化市場,114,58,17,61,316
111.12.06,N06,FD423,小菊-粉日記,514,彰化市場,49,49,49,49,50
111.12.06,,FD457,,514,溪湖鎮,113,113,113,113,150
111.12.06,N06,FD500,小菊-綠,514,彰化市場,102,102,102,102,40
111.12.06,N06,FD600,小菊-白,514,彰化市場,120,115,105,114,416
111.12.06,,FD657,,514,溪湖鎮,112,112,112,112,20
111.12.06,   ,FD801,染小菊-芬蘭,514,溪湖鎮,41,41,41,41,30
111.12.06,N06,FD802,染小菊-白鑽石,514,彰化市場,94,87,60,83,430
111.12.06,N06,FE001,非洲菊-混合色,514,彰化市場,44,38,21,36,1530
111.12.06,   ,FE302,非洲-金爵,514,溪湖鎮,47,46,44,46,118
111.12.06,   ,FE416,非洲-熱情粉,514,溪湖鎮,50,30,19,32,900
111.12.06,,FE606,,514,溪湖鎮,16,16,15,16,60
111.12.06,N06,FE700,非洲菊-紫,514,彰化市場,28,28,27,28,60
111.12.06,N04,FG1,苦瓜-白大米,514,溪湖鎮,69,54.6,40.5,54.7,1058
111.12.06,N06,FG105,劍蘭-２３５號,514,彰化市場,50,28,15,30,158
111.12.06,N06,FG412,劍蘭-粉巨人,514,彰化市場,41,24,22,27,127
111.12.06,N06,FH000,其它花卉-其它花卉,514,彰化市場,79,58,42,59,87
111.12.06,N06,FH293,向日葵-單瓣,514,彰化市場,74,46,28,48,228
111.12.06,N06,FH633,海芋-黃,514,彰化市場,40,40,39,40,37
111.12.06,N04,FD1,花胡瓜,540,南投市,65,55,40,54.14,214
111.12.06,N05,31,釋迦,600,嘉義市,85,50,30,50,3000
111.12.06,N05,812,火龍果-紅肉,600,嘉義市,70,45,20,45,2000
111.12.06,N05,859,榴槤-進口,600,嘉義市,180,167,130,167,500
111.12.06,N05,91,其他,600,嘉義市,66,35,10,35,3500
111.12.06,N05,A1,香蕉,600,嘉義市,25,14,8,14,3200
111.12.06,N05,C1,椪柑,600,嘉義市,60,36,18,36,4800
111.12.06,N05,E1,甜橙-柳橙,600,嘉義市,26,17,12,17,5500
111.12.06,N05,F1,雜柑-檸檬,600,嘉義市,66,42,20,42,250
111.12.06,N06,FA884,康乃馨-多朵黃帶紅,700,台南市場,24,24,24,24,30
111.12.06,N06,FB100,火鶴花-紅色,700,台南市場,12,6,5,7,715
111.12.06,N06,FB105,火鶴花-紅綠邊,700,台南市場,13,12,12,12,90
111.12.06,N06,FB111,火鶴花-月光,700,台南市場,11,6,5,7,606
111.12.06,,FB113,,700,台南市場,15,12,8,12,324
111.12.06,N06,FB415,火鶴花-羅莎,700,台南市場,16,12,8,12,791
111.12.06,N06,FB420,火鶴花-小紅莓,700,台南市場,11,9,6,9,250
111.12.06,N06,FB500,火鶴花-翠綠,700,台南市場,12,8,5,8,174
111.12.06,N06,FB502,火鶴花-綠紅心,700,台南市場,20,17,16,18,150
111.12.06,N06,FB700,火鶴花-花紫,700,台南市場,11,9,7,9,194
111.12.06,N06,FC000,大菊-大菊,700,台南市場,141,86,71,94,48
111.12.06,   ,FC206,大菊-金嗓,700,台南市場,93,89,83,89,60
111.12.06,,FC207,,700,台南市場,89,89,89,89,44
111.12.06,,FC208,,700,台南市場,90,88,80,87,60
111.12.06,N06,FC302,大菊-世界一,700,台南市場,98,90,87,91,255
111.12.06,N06,FC350,大菊-黃乒乓,700,台南市場,101,101,101,101,36
111.12.06,N06,FC408,大菊-粉乒乓,700,台南市場,0,0,0,0,0
111.12.06,N06,FC800,大菊-  染色大菊,700,台南市場,130,108,83,107,765
111.12.06,N06,FD000,小菊-小菊,700,台南市場,106,95,88,96,35
111.12.06,N06,FD001,小菊-混合色,700,台南市場,62,56,40,54,220
111.12.06,N06,FD113,小菊-日本小紅,700,台南市場,92,77,64,77,343
111.12.06,N06,FD309,小菊-日本黃,700,台南市場,73,61,41,59,150
111.12.06,   ,FD456,,700,台南市場,37,31,25,31,42
111.12.06,,FD457,,700,台南市場,57,57,57,57,125
111.12.06,,FD657,,700,台南市場,121,121,121,121,20
111.12.06,N06,FD802,染小菊-白鑽石,700,台南市場,80,71,54,70,171
111.12.06,N06,FE700,非洲菊-紫,700,台南市場,37,30,23,30,40
111.12.06,N06,FG105,劍蘭-２３５號,700,台南市場,61,37,20,38,732
111.12.06,N06,FG412,劍蘭-粉巨人,700,台南市場,37,26,18,26,180
111.12.06,N06,FH000,其它花卉-其它花卉,700,台南市場,50,23,20,28,67
111.12.06,N06,FH358,珊瑚鳳梨-珊瑚鳳梨,700,台南市場,54,53,51,53,40
111.12.06,N05,31,釋迦,800,高雄市,70,64.1,60,64.4,324
111.12.06,N05,45,草莓,800,高雄市,268.5,174,100,178.1,276
111.12.06,N05,469,藍莓-進口藍莓,800,高雄市,611.9,237.3,200,304.8,84
111.12.06,N05,72,小番茄-聖女,800,高雄市,70,55.6,36.6,54.7,1102
111.12.06,N05,849,石榴-進口,800,高雄市,230,192.6,170,195.6,90
111.12.06,N05,A1,香蕉,800,高雄市,40,25.3,15.7,26.3,2900
111.12.06,N05,C6,佛利檬-佛利檬,800,高雄市,41.3,31.5,24.1,32,1136
111.12.06,,C8,,800,高雄市,60,60,60,60,260
111.12.06,N05,D2,海梨-海梨,800,高雄市,20,16.8,15,17.1,680
111.12.06,N05,E1,甜橙-柳橙,800,高雄市,29.4,20.5,12.1,20.6,8604
111.12.06,N05,E9,甜橙-進口,800,高雄市,72.2,72.2,72.2,72.2,540
111.12.06,N05,F2,雜柑-金棗,800,高雄市,50,50,50,50,202
111.12.06,N04,FA1,黃秋葵,800,高雄市,86.4,52.3,15,51.7,1045
111.12.06,N06,FA800,康乃馨-多朵(混色),800,高雄市場,40,27,19,27,238
111.12.06,N06,FA810,康乃馨-多朵紅,800,高雄市場,15,15,15,15,36
111.12.06,N06,FA985,美女撫子-綠石竹,800,高雄市場,94,90,85,89,30
111.12.06,   ,FA990,繡球撫子-紫白,800,高雄市,68,68,68,68,17
111.12.06,N06,FB100,火鶴花-紅色,800,高雄市場,19,14,8,13,251
111.12.06,N06,FB105,火鶴花-紅綠邊,800,高雄市場,8,8,7,7,60
111.12.06,N06,FB111,火鶴花-月光,800,高雄市場,15,10,5,10,658
111.12.06,,FB113,,800,高雄市,17,14,9,13,571
111.12.06,N06,FB407,火鶴花-夢幻,800,高雄市場,18,13,6,12,623
111.12.06,N06,FB415,火鶴花-羅莎,800,高雄市場,17,15,14,15,274
111.12.06,N06,FB500,火鶴花-翠綠,800,高雄市場,10,8,6,7,249
111.12.06,   ,FB608,火鶴花-戀愛,800,高雄市,18,14,12,14,198
111.12.06,N06,FC000,大菊-大菊,800,高雄市場,107,65,34,66,52
111.12.06,N04,FC1,胡瓜-黑刺,800,高雄市,37.9,25,15,25.6,5107
111.12.06,N06,FC302,大菊-世界一,800,高雄市場,99,88,66,86,240
111.12.06,N06,FC400,大菊-粉,800,高雄市場,56,56,56,56,12
111.12.06,N06,FC609,大菊-白東洋,800,高雄市場,90,72,46,70,630
111.12.06,N06,FC613,大菊-白天星,800,高雄市場,74,65,44,62,170
111.12.06,N06,FC803,染大菊-牡丹,800,高雄市場,341,341,341,341,8
111.12.06,N06,FD001,小菊-混合色,800,高雄市場,108,80,80,85,150
111.12.06,N06,FD112,小菊-紅雲南菊,800,高雄市場,108,108,108,108,18
111.12.06,N06,FD200,小菊-金,800,高雄市場,120,94,70,94,436
111.12.06,N06,FD635,小菊-林克小白,800,高雄市場,130,130,130,130,23
111.12.06,,FD657,,800,高雄市,138,138,138,138,20
111.12.06,N06,FE201,非洲菊-太陽神,800,高雄市場,32,27,22,27,60
111.12.06,   ,FE302,非洲-金爵,800,高雄市,17,16,16,16,50
111.12.06,   ,FE605,非洲-冰山,800,高雄市,44,42,40,42,60
111.12.06,,FE606,,800,高雄市,58,58,58,58,24
111.12.06,N04,FF2,絲瓜-角瓜,800,高雄市,50,50,50,50,100
111.12.06,N06,FG412,劍蘭-粉巨人,800,高雄市場,33,26,15,25,116
111.12.06,N06,FH006,黃梔花-黃梔花,800,高雄市場,38,20,15,22,656
111.12.06,N06,FH156,野薑花-白,800,高雄市場,80,74,54,70,47
111.12.06,N06,FH232,夜來香-重瓣,800,高雄市場,35,35,35,35,24
111.12.06,N05,72,小番茄-聖女,830,鳳山區,61.5,37.3,27.1,37.3,2040
111.12.06,N05,E1,甜橙-柳橙,830,鳳山區,26.1,13.5,9,13.5,14480
111.12.06,N04,FB2,花椰菜-白梗,830,鳳山區,42.1,38.6,33.4,38.3,910
111.12.06,N04,FC1,胡瓜-黑刺,830,鳳山區,34.4,21,14.3,22.3,1280
111.12.06,N04,FH1,扁蒲-長形,830,鳳山區,20,14.8,11.1,15.1,900
111.12.06,N04,FA1,黃秋葵,900,屏東市,18,17.2,15.2,16.9,1560
111.12.06,N04,FF1,絲瓜-絲瓜,900,屏東市,35,23.1,20,23.1,3627
111.12.06,N04,FG2,苦瓜-青大米,900,屏東市,52,30.6,21,30.6,299
111.12.06,N04,FG4,苦瓜-翠綠,900,屏東市,40.7,38.4,30,37.2,148
111.12.06,N04,FA1,黃秋葵,930,台東市,80,80,80,80,10
111.12.06,N04,FB1,花椰菜-青梗,930,台東市,49,38,30,39,942
111.12.06,N04,FB1,花椰菜-青梗,950,花蓮市,53,47.1,45,47.9,111
111.12.06,N04,FD1,花胡瓜,950,花蓮市,78,69.5,46.7,66.6,996.5
111.12.06,N04,FG4,苦瓜-翠綠,950,花蓮市,72,68.7,59.5,67.5,118.5
111.12.05,N06,FA884,康乃馨-多朵黃帶紅,105,台北市場,28,28,28,28,30
111.12.05,N06,FA986,美女撫子-白,105,台北市場,90,90,90,90,15
111.12.05,N06,FB106,火鶴花-丘比特,105,台北市場,17,12,6,11.7,1490
111.12.05,,FB113,,105,台北市場,17,12,8,12.3,3388
111.12.05,N06,FB407,火鶴花-夢幻,105,台北市場,14,9,8,9.8,475
111.12.05,N06,FB408,火鶴花-粉佳人,105,台北市場,15,15,14,14.6,95
111.12.05,N06,FB420,火鶴花-小紅莓,105,台北市場,14,14,14,14,120
111.12.05,N06,FB700,火鶴花-花紫,105,台北市場,16,14,9,13.4,331
111.12.05,   ,FC206,大菊-金嗓,105,台北市場,117,109,101,109,160
111.12.05,,FC207,,105,台北市場,129,125,120,124.5,44
111.12.05,N06,FC302,大菊-世界一,105,台北市場,170,159,113,151.9,110
111.12.05,N06,FC410,大菊-羅莎諾粉,105,台北市場,141,139,139,139.7,122
111.12.05,N06,FC800,大菊-  染色大菊,105,台北市場,149,140,130,139.9,799
111.12.05,   ,FC804,染大菊-白天星,105,台北市場,137,124,93,120.3,699
111.12.05,N06,FC805,染大菊-白東洋,105,台北市場,112,112,112,112,50
111.12.05,N06,FD000,小菊-小菊,105,台北市場,122,114,95,111.8,113
111.12.05,N06,FD113,小菊-日本小紅,105,台北市場,112,107,69,100.6,330
111.12.05,N06,FD300,小菊-黃,105,台北市場,117,90,35,84.3,424
111.12.05,N06,FD326,小菊-蒙那麗莎陽光黃,105,台北市場,99,72,70,77.3,360
111.12.05,N06,FD350,小菊-黃風車,105,台北市場,125,114,89,111.2,346
111.12.05,,FD457,,105,台北市場,128,97,74,98.5,1000
111.12.05,N06,FD600,小菊-白,105,台北市場,113,96,60,92.5,535
111.12.05,,FD657,,105,台北市場,138,135,89,126.5,165
111.12.05,N06,FD802,染小菊-白鑽石,105,台北市場,105,87,81,89.6,457
111.12.05,N06,FE001,非洲菊-混合色,105,台北市場,154,62,49,77.4,975
111.12.05,N06,FE100,非洲菊-紅,105,台北市場,81,38,30,44.6,56
111.12.05,   ,FE112,非洲-天籟,105,台北市場,61,49,39,49.5,450
111.12.05,N06,FE400,非洲菊-粉,105,台北市場,85,40,24,45.5,46
111.12.05,N06,FE409,非洲菊-粉紅魅力,105,台北市場,64,48,39,49.5,273
111.12.05,N06,FG120,劍蘭-黑骨紅,105,台北市場,105,96,89,96.7,93
111.12.05,N06,FH156,野薑花-白,105,台北市場,71,57,44,57.3,88
111.12.05,N06,FH158,紅薑花-紅,105,台北市場,170,100,34,100.7,337
111.12.05,N06,FH240,麥桿菊-麥桿菊,105,台北市場,72,63,53,62.5,87
111.12.05,N06,FH311,大理花-紅色,105,台北市場,61,61,57,60.2,75
111.12.05,N06,FH313,大理花-黃色,105,台北市場,83,79,70,77.6,12
111.12.05,N06,FH358,珊瑚鳳梨-珊瑚鳳梨,105,台北市場,17,13,8,12.9,363
111.12.05,N06,FA810,康乃馨-多朵紅,400,台中市場,30,30,30,30,56
111.12.05,N06,FA989,美女撫子-紫紅,400,台中市場,67,67,67,67,15
111.12.05,N06,FB106,火鶴花-丘比特,400,台中市場,17,13,6,12,3046
111.12.05,,FB113,,400,台中市,20,11,6,12,2108
111.12.05,N06,FB407,火鶴花-夢幻,400,台中市場,16,14,8,13,389
111.12.05,N06,FB420,火鶴花-小紅莓,400,台中市場,16,16,16,16,90
111.12.05,N06,FC100,大菊-紅,400,台中市場,79,79,79,79,16
111.12.05,   ,FC206,大菊-金嗓,400,台中市,83,83,83,83,60
111.12.05,,FC208,,400,台中市,108,108,108,108,32
111.12.05,N06,FC302,大菊-世界一,400,台中市場,130,98,96,104,100
111.12.05,N06,FC800,大菊-  染色大菊,400,台中市場,150,106,86,111,366
111.12.05,N06,FC803,染大菊-牡丹,400,台中市場,308,300,298,301,30
111.12.05,   ,FC804,染大菊-白天星,400,台中市,93,89,87,90,175
111.12.05,N06,FD001,小菊-混合色,400,台中市場,41,38,28,37,180
111.12.05,N06,FD200,小菊-金,400,台中市場,90,79,68,79,107
111.12.05,N06,FD326,小菊-蒙那麗莎陽光黃,400,台中市場,40,40,36,39,168
111.12.05,N06,FD404,小菊-花花世界,400,台中市場,16,16,16,16,30
111.12.05,N06,FD423,小菊-粉日記,400,台中市場,44,33,28,34,80
111.12.05,,FD457,,400,台中市,66,64,63,64,81
111.12.05,N06,FD635,小菊-林克小白,400,台中市場,74,74,74,74,30
111.12.05,,FD657,,400,台中市,74,74,74,74,30
111.12.05,   ,FD801,染小菊-芬蘭,400,台中市,59,46,32,46,388
111.12.05,N06,FE001,非洲菊-混合色,400,台中市場,95,72,34,69,790
111.12.05,   ,FE416,非洲-熱情粉,400,台中市,91,49,25,53,122
111.12.05,,FE606,,400,台中市,80,80,80,80,22
111.12.05,N06,FG001,劍蘭-混合色,400,台中市場,77,77,77,77,20
111.12.05,N06,FG105,劍蘭-２３５號,400,台中市場,82,74,53,72,56
111.12.05,N06,FH000,其它花卉-其它花卉,400,台中市場,68,53,44,54,56
111.12.05,N06,FH123,黃金鳥-黃金鳥,400,台中市場,48,27,16,29,47
111.12.05,N06,FH131,鶴焦-鶴焦,400,台中市場,20,7,7,10,153
111.12.05,N06,FH313,大理花-黃色,400,台中市場,136,136,136,136,5
111.12.05,N06,FH661,伯利恆之星-伯利恆之星,400,台中市場,110,77,42,76,55
111.12.05,N05,C1,椪柑,423,東勢鎮,47.9,30.1,18.4,29.83,1728
111.12.05,N06,FA985,美女撫子-綠石竹,514,彰化市場,170,118,81,121,27
111.12.05,   ,FA990,繡球撫子-紫白,514,溪湖鎮,86,86,86,86,13
111.12.05,N06,FB106,火鶴花-丘比特,514,彰化市場,16,10,7,11,979
111.12.05,,FB113,,514,溪湖鎮,14,9,5,9,2434
111.12.05,N06,FB407,火鶴花-夢幻,514,彰化市場,17,12,8,12,992
111.12.05,N06,FB500,火鶴花-翠綠,514,彰化市場,15,15,15,15,33
111.12.05,N06,FB700,火鶴花-花紫,514,彰化市場,18,18,18,18,60
111.12.05,N06,FC000,大菊-大菊,514,彰化市場,109,83,59,83,204
111.12.05,N04,FC1,胡瓜-黑刺,514,溪湖鎮,50,50,50,50,82
111.12.05,N06,FC100,大菊-紅,514,彰化市場,130,130,130,130,16
111.12.05,   ,FC206,大菊-金嗓,514,溪湖鎮,118,81,71,86,285
111.12.05,N06,FC300,大菊-黃,514,彰化市場,104,86,74,87,45
111.12.05,N06,FC302,大菊-世界一,514,彰化市場,109,107,106,107,321
111.12.05,N06,FC400,大菊-粉,514,彰化市場,70,70,70,70,75
111.12.05,N06,FD001,小菊-混合色,514,彰化市場,70,64,21,56,210
111.12.05,N06,FD100,小菊-紅,514,彰化市場,93,93,93,93,72
111.12.05,N06,FD113,小菊-日本小紅,514,彰化市場,106,99,98,100,91
111.12.05,N06,FD128,小菊-老虎紅,514,彰化市場,104,102,91,100,110
111.12.05,N06,FD400,小菊-粉,514,彰化市場,122,63,19,66,250
111.12.05,N06,FD423,小菊-粉日記,514,彰化市場,73,67,56,66,164
111.12.05,N06,FD431,小菊-桃紅雲南菊,514,彰化市場,24,24,24,24,30
111.12.05,   ,FD456,,514,溪湖鎮,65,65,65,65,14
111.12.05,,FD457,,514,溪湖鎮,91,88,86,88,173
111.12.05,N06,FD600,小菊-白,514,彰化市場,128,111,70,106,385
111.12.05,   ,FD801,染小菊-芬蘭,514,溪湖鎮,70,50,42,52,310
111.12.05,N06,FE001,非洲菊-混合色,514,彰化市場,48,39,16,36,1622
111.12.05,   ,FE113,非洲-萊星頓,514,溪湖鎮,38,38,38,38,50
111.12.05,   ,FE302,非洲-金爵,514,溪湖鎮,41,38,33,38,180
111.12.05,   ,FE416,非洲-熱情粉,514,溪湖鎮,48,28,18,30,990
111.12.05,N06,FE700,非洲菊-紫,514,彰化市場,42,33,19,32,120
111.12.05,N04,FG1,苦瓜-白大米,514,溪湖鎮,63.5,41.8,30,43.8,124
111.12.05,N06,FG105,劍蘭-２３５號,514,彰化市場,63,51,33,50,190
111.12.05,N06,FG200,劍蘭-橙,514,彰化市場,21,21,21,21,40
111.12.05,N06,FG412,劍蘭-粉巨人,514,彰化市場,52,35,18,35,362
111.12.05,N06,FH000,其它花卉-其它花卉,514,彰化市場,99,49,21,53,61
111.12.05,N06,FH131,鶴焦-鶴焦,514,彰化市場,8,8,6,8,240
111.12.05,N06,FH293,向日葵-單瓣,514,彰化市場,77,52,17,50,428
111.12.05,N06,FH633,海芋-黃,514,彰化市場,54,34,32,38,74
111.12.05,N06,FH661,伯利恆之星-伯利恆之星,514,彰化市場,41,36,27,35,100
111.12.05,N05,31,釋迦,600,嘉義市,85,52,33,52,2000
111.12.05,N05,72,小番茄-聖女,600,嘉義市,72,48,28,48,2500
111.12.05,N05,812,火龍果-紅肉,600,嘉義市,66,40,20,40,2000
111.12.05,N05,859,榴槤-進口,600,嘉義市,200,160,125,160,300
111.12.05,N05,91,其他,600,嘉義市,66,35,10,35,3000
111.12.05,N05,A1,香蕉,600,嘉義市,24,14,8,14,3000
111.12.05,N05,C1,椪柑,600,嘉義市,55,34,16,34,5000
111.12.05,N05,E1,甜橙-柳橙,600,嘉義市,24,15,10,15,5000
111.12.05,N05,F1,雜柑-檸檬,600,嘉義市,66,42,20,42,300
111.12.05,N06,FA810,康乃馨-多朵紅,700,台南市場,37,30,22,30,56
111.12.05,   ,FA990,繡球撫子-紫白,700,台南市場,120,91,53,89,43
111.12.05,N06,FB100,火鶴花-紅色,700,台南市場,13,8,5,9,1711
111.12.05,,FB113,,700,台南市場,16,10,5,10,1716
111.12.05,N06,FB415,火鶴花-羅莎,700,台南市場,15,11,7,11,846
111.12.05,N06,FB502,火鶴花-綠紅心,700,台南市場,20,15,6,14,207
111.12.05,N06,FB700,火鶴花-花紫,700,台南市場,12,11,10,11,167
111.12.05,N06,FB800,火鶴花-咖啡紅,700,台南市場,11,10,8,10,240
111.12.05,N06,FC000,大菊-大菊,700,台南市場,118,86,57,87,140
111.12.05,N06,FC100,大菊-紅,700,台南市場,94,93,92,93,32
111.12.05,   ,FC206,大菊-金嗓,700,台南市場,107,104,101,104,80
111.12.05,,FC207,,700,台南市場,88,88,88,88,44
111.12.05,,FC208,,700,台南市場,85,83,80,83,52
111.12.05,N06,FC300,大菊-黃,700,台南市場,89,89,89,89,20
111.12.05,N06,FC302,大菊-世界一,700,台南市場,139,138,104,131,213
111.12.05,N06,FC350,大菊-黃乒乓,700,台南市場,94,94,94,94,36
111.12.05,N06,FC800,大菊-  染色大菊,700,台南市場,145,133,115,132,401
111.12.05,N06,FC803,染大菊-牡丹,700,台南市場,400,383,251,361,42
111.12.05,N06,FC805,染大菊-白東洋,700,台南市場,104,104,104,104,22
111.12.05,N06,FD000,小菊-小菊,700,台南市場,125,109,102,111,52
111.12.05,N06,FD001,小菊-混合色,700,台南市場,63,61,47,59,260
111.12.05,N06,FD100,小菊-紅,700,台南市場,82,81,56,76,130
111.12.05,N06,FD113,小菊-日本小紅,700,台南市場,101,82,62,82,385
111.12.05,N06,FD309,小菊-日本黃,700,台南市場,90,62,36,63,345
111.12.05,N06,FD321,小菊-吉祥黃,700,台南市場,35,35,35,35,60
111.12.05,N06,FD326,小菊-蒙那麗莎陽光黃,700,台南市場,79,79,79,79,25
111.12.05,,FD457,,700,台南市場,94,84,73,84,200
111.12.05,N06,FD802,染小菊-白鑽石,700,台南市場,92,75,62,76,246
111.12.05,N06,FE700,非洲菊-紫,700,台南市場,30,26,26,27,100
111.12.05,N06,FG105,劍蘭-２３５號,700,台南市場,98,66,51,69,1063
111.12.05,N06,FG412,劍蘭-粉巨人,700,台南市場,52,43,37,44,265
111.12.05,N06,FH114,小天堂鳥-粉紅,700,台南市場,40,40,40,40,23
111.12.05,N06,FH332,雞冠花-暗紅,700,台南市場,53,46,40,46,49
111.12.05,N06,FH358,珊瑚鳳梨-珊瑚鳳梨,700,台南市場,84,84,84,84,20
111.12.05,N06,FA800,康乃馨-多朵(混色),800,高雄市場,45,28,15,28,312
111.12.05,N06,FA985,美女撫子-綠石竹,800,高雄市場,103,92,84,92,27
111.12.05,   ,FA990,繡球撫子-紫白,800,高雄市,111,88,78,90,28
111.12.05,N06,FB100,火鶴花-紅色,800,高雄市場,21,17,14,17,371
111.12.05,N06,FB105,火鶴花-紅綠邊,800,高雄市場,9,8,7,7,194
111.12.05,N06,FB111,火鶴花-月光,800,高雄市場,18,13,7,12,115
111.12.05,,FB113,,800,高雄市,17,13,7,12,1126
111.12.05,N06,FB407,火鶴花-夢幻,800,高雄市場,18,14,10,13,626
111.12.05,N06,FB500,火鶴花-翠綠,800,高雄市場,20,18,16,18,98
111.12.05,N06,FB502,火鶴花-綠紅心,800,高雄市場,8,7,6,6,63
111.12.05,N06,FC000,大菊-大菊,800,高雄市場,95,77,60,77,87
111.12.05,N06,FC100,大菊-紅,800,高雄市場,99,99,98,98,32
111.12.05,,FC207,,800,高雄市,75,75,75,75,22
111.12.05,N06,FC300,大菊-黃,800,高雄市場,83,75,70,75,45
111.12.05,N06,FC302,大菊-世界一,800,高雄市場,127,114,95,112,405
111.12.05,N06,FC609,大菊-白東洋,800,高雄市場,92,81,63,79,479
111.12.05,N06,FC613,大菊-白天星,800,高雄市場,73,55,16,50,115
111.12.05,N06,FC803,染大菊-牡丹,800,高雄市場,355,355,355,355,16
111.12.05,N06,FD001,小菊-混合色,800,高雄市場,78,77,70,75,128
111.12.05,N06,FD112,小菊-紅雲南菊,800,高雄市場,108,106,105,106,48
111.12.05,N06,FD200,小菊-金,800,高雄市場,134,104,65,102,367
111.12.05,N06,FD431,小菊-桃紅雲南菊,800,高雄市場,91,91,91,91,15
111.12.05,,FD457,,800,高雄市,103,97,93,97,373
111.12.05,N06,FE201,非洲菊-太陽神,800,高雄市場,32,32,32,32,30
111.12.05,   ,FE302,非洲-金爵,800,高雄市,37,36,34,35,60
111.12.05,   ,FE605,非洲-冰山,800,高雄市,58,58,58,58,60
111.12.05,,FE606,,800,高雄市,66,66,66,66,24
111.12.05,N06,FG412,劍蘭-粉巨人,800,高雄市場,51,50,43,48,175
111.12.05,N06,FH000,其它花卉-其它花卉,800,高雄市場,10,10,10,10,98
111.12.05,N06,FH006,黃梔花-黃梔花,800,高雄市場,45,25,15,27,936
111.12.05,N06,FH156,野薑花-白,800,高雄市場,69,55,39,54,62
111.12.05,N06,FH332,雞冠花-暗紅,800,高雄市場,53,53,53,53,23
111.12.05,N04,FB1,花椰菜-青梗,950,花蓮市,46,44.7,29.1,41.9,122
111.12.05,N04,FD1,花胡瓜,950,花蓮市,69.7,66.5,43.5,62.5,1478.5
111.12.05,N04,FG2,苦瓜-青大米,950,花蓮市,53,53,53,53,77.5
111.12.05,N04,FG4,苦瓜-翠綠,950,花蓮市,80,80,70,78,74.5
111.12.04,N05,22,棗子,104,台北二,136.8,59.5,40.9,71.2,656
111.12.04,N05,469,藍莓-進口藍莓,104,台北二,133.3,133.3,133.3,133.3,680
111.12.04,N05,51,百香果-改良種,104,台北二,76.1,35.7,24.1,41.5,8957
111.12.04,N05,811,火龍果-白肉,104,台北二,99.2,49.5,35.5,56.6,2645
111.12.04,N05,A0,香蕉-其他,104,台北二,8,6.9,6,7,40
111.12.04,N05,A4,香蕉-越旦,104,台北二,26.6,18.5,14.5,19.3,331
111.12.04,N05,B2,鳳梨-金鑽鳳梨,104,台北二,25.8,18.3,9.8,18.1,4711
111.12.04,N05,C6,佛利檬-佛利檬,104,台北二,58.4,48.9,31.2,47.2,1686
111.12.04,,C8,,104,台北二,103.6,66.6,40.6,68.8,451
111.12.04,N05,C9,椪柑-進口,104,台北二,326.7,225.5,213.3,243.3,60
111.12.04,N05,E0,甜橙-其他,104,台北二,59.2,53.9,50,54.2,90
111.12.04,N05,E9,甜橙-進口,104,台北二,15,15,15,15,100
111.12.04,N05,F4,雜柑-桔子,104,台北二,50,38.5,20,37.1,159
111.12.04,N05,F5,雜柑-無子檸檬,104,台北二,109.9,47.3,26.9,55.8,1193
111.12.04,N04,FA0,其他花類,104,台北二,100,100,100,100,5
111.12.04,N04,FB0,花椰菜-其他,104,台北二,55,55,55,55,20
111.12.04,N04,FD0,花胡瓜-其他,104,台北二,125,92.7,25,85.6,96
111.12.04,N04,FG0,苦瓜-其他,104,台北二,46.4,40.1,34,40.2,1145
111.12.04,N04,FG1,苦瓜-白大米,104,台北二,57.6,43.5,29.6,43.6,4465
111.12.04,N04,FG3,苦瓜-山苦瓜,104,台北二,25,25,25,25,20
111.12.04,N05,22,棗子,109,台北一,165.7,77.5,31.5,85.9,1318
111.12.04,N05,51,百香果-改良種,109,台北一,77.6,38.2,22.6,43,8522
111.12.04,N05,70,小番茄-其他,109,台北一,89,51.3,28.4,54.3,1592
111.12.04,N05,74,小番茄-玉女,109,台北一,251.5,143,53.7,146.8,5240
111.12.04,N05,839,櫻桃-進口,109,台北一,333.3,333.3,246,315.9,725
111.12.04,N05,91,其他,109,台北一,133.2,76,48.4,81.9,897
111.12.04,N05,A3,香蕉-旦蕉,109,台北一,60.8,41.9,15,40.3,202
111.12.04,N05,A4,香蕉-越旦,109,台北一,19.6,15.8,12.6,15.9,764
111.12.04,N05,B2,鳳梨-金鑽鳳梨,109,台北一,25.5,19.2,13.2,19.2,5971
111.12.04,N05,C1,椪柑,109,台北一,52.3,32,16.5,32.9,56883
111.12.04,,C8,,109,台北一,149.5,79,41.5,85.6,2245
111.12.04,N05,E0,甜橙-其他,109,台北一,30,30,15.4,27.1,110
111.12.04,N05,F2,雜柑-金棗,109,台北一,50,47.3,45,47.4,95
111.12.04,N05,F9,雜柑-進口,109,台北一,166.7,166.7,166.7,166.7,28
111.12.04,N04,FA0,其他花類,109,台北一,90,90,90,90,30
111.12.04,N04,FB0,花椰菜-其他,109,台北一,85,56.7,45,60,32
111.12.04,N04,FB11,花椰菜-青梗,109,台北一,73.8,48.8,27.2,49.5,14475
111.12.04,N04,FC1,胡瓜-黑刺,109,台北一,45.2,32.2,23.1,33,10806
111.12.04,N04,FD0,花胡瓜-其他,109,台北一,113.9,87.3,50.4,85.2,327
111.12.04,N05,129,椰子-進口剝殼,220,板橋區,25,25,25,25,63
111.12.04,N05,22,棗子,220,板橋區,60,60,60,60,168
111.12.04,N05,51,百香果-改良種,220,板橋區,41.5,31.3,23.8,31.9,1652
111.12.04,N05,74,小番茄-玉女,220,板橋區,101.2,93.9,86.3,93.9,1266
111.12.04,N05,839,櫻桃-進口,220,板橋區,600,600,600,600,100
111.12.04,N05,91,其他,220,板橋區,100,73.7,50,74.2,46.5
111.12.04,N05,A0,香蕉-其他,220,板橋區,10,8.6,7,8.5,271
111.12.04,N05,A4,香蕉-越旦,220,板橋區,25,21.4,13.7,20.6,155
111.12.04,N05,B2,鳳梨-金鑽鳳梨,220,板橋區,17,13.5,10.6,13.6,1165
111.12.04,N05,C1,椪柑,220,板橋區,37,24.2,18.8,25.6,19789
111.12.04,,C8,,220,板橋區,50,46.3,35,44.8,45
111.12.04,N04,FB0,花椰菜-其他,220,板橋區,50,50,50,50,14
111.12.04,N04,FB1,花椰菜-青梗,220,板橋區,46.2,33.7,22.2,33.9,4942
111.12.04,N04,FC1,胡瓜-黑刺,220,板橋區,44.5,32.1,21.9,32.5,1396
111.12.04,N04,FE1,冬瓜-白皮,220,板橋區,11.5,8.8,6,8.8,278
111.12.04,N05,129,椰子-進口剝殼,241,三重區,61.5,50,41.2,50.5,478
111.12.04,N05,31,釋迦,241,三重區,63.1,49.3,47.2,51.6,3761.5
111.12.04,N05,32,釋迦-鳳梨釋迦,241,三重區,26.8,22,22,23,4132
111.12.04,N05,45,草莓,241,三重區,100.6,100,70.4,94.2,1273.5
111.12.04,N05,51,百香果-改良種,241,三重區,59.6,31.1,17.4,34,9403
111.12.04,N05,70,小番茄-其他,241,三重區,50.8,22.2,19.1,27.3,557
111.12.04,N05,74,小番茄-玉女,241,三重區,118.1,107.7,58,99.8,8375
111.12.04,N05,812,火龍果-紅肉,241,三重區,67.2,53.3,39.7,53.4,6502
111.12.04,N05,839,櫻桃-進口,241,三重區,637,500,342.4,495.9,1380
111.12.04,N05,A0,香蕉-其他,241,三重區,10,10,10,10,144
111.12.04,N05,A4,香蕉-越旦,241,三重區,30.7,17.8,12.4,19.3,547
111.12.04,N05,C1,椪柑,241,三重區,37.2,24,21.7,26.2,67592
111.12.04,,C8,,241,三重區,123.6,61.2,24.1,66.3,770
111.12.04,N05,E0,甜橙-其他,241,三重區,15,15,15,15,140
111.12.04,N05,F2,雜柑-金棗,241,三重區,44.9,31,31,33.8,329
111.12.04,N05,F9,雜柑-進口,241,三重區,513.5,513.5,513.5,513.5,44.4
111.12.04,N04,FB1,花椰菜-青梗,241,三重區,41.9,34.7,15.4,32.2,4581
111.12.04,N04,FC1,胡瓜-黑刺,241,三重區,28.2,19.3,11.1,19.4,2757
111.12.04,N04,FF0,絲瓜-其他,241,三重區,35,35,35,35,36
111.12.04,N04,FG4,苦瓜-翠綠,241,三重區,64.7,28.5,22.7,34.6,116
111.12.04,N05,31,釋迦,260,宜蘭市,90,65,30,65,1600
111.12.04,N05,51,百香果-改良種,260,宜蘭市,85,50,20,50,1500
111.12.04,N05,72,小番茄-聖女,260,宜蘭市,95,60,30,60,1500
111.12.04,N05,F1,雜柑-檸檬,260,宜蘭市,90,55,15,55,1200
111.12.04,N05,129,椰子-進口剝殼,338,桃農,35,35,35,35,315
111.12.04,N05,72,小番茄-聖女,338,桃農,25,22.1,20,22.3,220
111.12.04,N05,811,火龍果-白肉,338,桃農,25,20.5,16,20.5,12
111.12.04,N05,812,火龍果-紅肉,338,桃農,46.3,37.5,26,36.9,90
111.12.04,N05,A2,香蕉-芭蕉紅芭蕉,338,桃農,30,30,30,30,8
111.12.04,N05,A4,香蕉-越旦,338,桃農,20,20,20,20,11
111.12.04,N05,E0,甜橙-其他,338,桃農,21,16.3,15,17,108
111.12.04,N04,FB0,花椰菜-其他,338,桃農,62,62,62,62,28
111.12.04,N04,FD1,花胡瓜,338,桃農,68.7,62.9,39.3,59.3,1640
111.12.04,N04,FF0,絲瓜-其他,338,桃農,20,19,18,19,72
111.12.04,N04,FF1,絲瓜-絲瓜,338,桃農,47.1,34,25,34.8,755
111.12.04,N04,FH4,扁蒲-梨子蒲,338,桃農,30.5,22.9,13.6,22.6,593
111.12.04,N05,129,椰子-進口剝殼,400,台中市,39.5,35,32.5,33.5,630
111.12.04,N05,32,釋迦-鳳梨釋迦,400,台中市,71.3,55.2,38,50.7,2214
111.12.04,N05,70,小番茄-其他,400,台中市,74.1,59.2,36.1,52.8,2026
111.12.04,N05,849,石榴-進口,400,台中市,125,125,125,125,20
111.12.04,N05,A1,香蕉,400,台中市,20,13.1,7,18.4,33742
111.12.04,N05,A3,香蕉-旦蕉,400,台中市,40,40,40,40,30
111.12.04,N05,C1,椪柑,400,台中市,45.8,32.1,17.7,33.9,70482
111.12.04,N05,E0,甜橙-其他,400,台中市,30,30,30,30,156
111.12.04,N05,E1,甜橙-柳橙,400,台中市,25,20.6,14.3,20,13314
111.12.04,N05,F1,雜柑-檸檬,400,台中市,60,44.6,14.3,50.5,1063
111.12.04,N05,F2,雜柑-金棗,400,台中市,50,46.7,30,45.1,313
111.12.04,N05,F5,雜柑-無子檸檬,400,台中市,49.2,31.7,22.7,33.3,666
111.12.04,N05,F9,雜柑-進口,400,台中市,125,125,125,125,8
111.12.04,N04,FA1,黃秋葵,400,台中市,72.2,45.9,20.5,45.6,256
111.12.04,N06,FA985,美女撫子-綠石竹,400,台中市場,93,93,93,93,12
111.12.04,   ,FA990,繡球撫子-紫白,400,台中市,38,38,38,38,15
111.12.04,N04,FB0,花椰菜-其他,400,台中市,57,50.5,25,49.9,90
111.12.04,N04,FB1,花椰菜-青梗,400,台中市,40,21.7,7.4,24.9,2779
111.12.04,N06,FB106,火鶴花-丘比特,400,台中市場,15,8,5,9,3425
111.12.04,,FB113,,400,台中市,16,11,7,11,1353
111.12.04,N06,FB420,火鶴花-小紅莓,400,台中市場,11,9,7,9,89
111.12.04,N06,FC100,大菊-紅,400,台中市場,81,81,81,81,18
111.12.04,   ,FC206,大菊-金嗓,400,台中市,82,82,82,82,40
111.12.04,,FC207,,400,台中市,106,104,102,104,44
111.12.04,,FC208,,400,台中市,98,98,98,98,16
111.12.04,N06,FC300,大菊-黃,400,台中市場,52,52,52,52,21
111.12.04,N06,FC800,大菊-  染色大菊,400,台中市場,137,111,95,113,416
111.12.04,N06,FC803,染大菊-牡丹,400,台中市場,289,289,289,289,20
111.12.04,   ,FC804,染大菊-白天星,400,台中市,97,97,97,97,60
111.12.04,N06,FD001,小菊-混合色,400,台中市場,49,44,19,40,256
111.12.04,N04,FD1,花胡瓜,400,台中市,72.8,50.4,34.5,53.8,3015
111.12.04,N06,FD200,小菊-金,400,台中市場,51,51,51,51,140
111.12.04,N06,FD300,小菊-黃,400,台中市場,35,35,35,35,30
111.12.04,N06,FD326,小菊-蒙那麗莎陽光黃,400,台中市場,32,32,32,32,140
111.12.04,N06,FD404,小菊-花花世界,400,台中市場,22,22,22,22,30
111.12.04,N06,FD423,小菊-粉日記,400,台中市場,42,36,33,36,99
111.12.04,,FD457,,400,台中市,58,50,49,51,169
111.12.04,N06,FD635,小菊-林克小白,400,台中市場,62,62,62,62,20
111.12.04,,FD657,,400,台中市,49,49,49,49,90
111.12.04,   ,FD801,染小菊-芬蘭,400,台中市,66,64,56,63,265
111.12.04,N04,FE1,冬瓜-白皮,400,台中市,12,8.8,5.3,8.9,620
111.12.04,   ,FE416,非洲-熱情粉,400,台中市,48,27,15,29,84
111.12.04,,FE606,,400,台中市,85,85,85,85,28
111.12.04,N06,FG001,劍蘭-混合色,400,台中市場,47,47,47,47,20
111.12.04,N06,FH000,其它花卉-其它花卉,400,台中市場,100,65,58,70,52
111.12.04,N04,FH1,扁蒲-長形,400,台中市,16,15.5,15,15.8,60
111.12.04,N06,FH123,黃金鳥-黃金鳥,400,台中市場,41,41,41,41,20
111.12.04,N05,11,椰子,420,豐原區,15,12.5,10,12.5,120
111.12.04,N05,31,釋迦,420,豐原區,51,39.4,30,39.9,1994.9
111.12.04,N05,A3,香蕉-旦蕉,420,豐原區,35,30.3,25,30.2,248.6
111.12.04,N05,C1,椪柑,420,豐原區,32.9,29.5,18.2,27.9,10672.4
111.12.04,N05,C6,佛利檬-佛利檬,420,豐原區,45,29.2,24,31.3,958.3
111.12.04,,C8,,420,豐原區,78,48.8,40,52.9,567.3
111.12.04,N05,F1,雜柑-檸檬,420,豐原區,48,45.3,41,45,46.7
111.12.04,N05,F5,雜柑-無子檸檬,420,豐原區,80,75,70,75,40
111.12.04,N04,FB1,花椰菜-青梗,420,豐原區,29.6,18.6,17,20.5,1040
111.12.04,N04,FD1,花胡瓜,420,豐原區,49.6,30.8,20,32.4,706
111.12.04,N04,FF1,絲瓜-絲瓜,420,豐原區,29.9,20.4,16.3,21.5,1860
111.12.04,N06,FA881,康乃馨-多朵紅帶白,514,彰化市場,27,27,27,27,60
111.12.04,N06,FB106,火鶴花-丘比特,514,彰化市場,21,15,6,15,460
111.12.04,,FB113,,514,溪湖鎮,16,11,6,11,2166
111.12.04,N06,FB407,火鶴花-夢幻,514,彰化市場,12,9,8,9,230
111.12.04,N06,FB420,火鶴花-小紅莓,514,彰化市場,11,11,11,11,55
111.12.04,N06,FC000,大菊-大菊,514,彰化市場,112,77,62,81,216
111.12.04,N04,FC1,胡瓜-黑刺,514,溪湖鎮,50,50,50,50,420
111.12.04,   ,FC206,大菊-金嗓,514,溪湖鎮,120,89,78,93,295
111.12.04,,FC208,,514,溪湖鎮,112,110,100,108,72
111.12.04,N06,FC300,大菊-黃,514,彰化市場,109,88,73,89,45
111.12.04,N06,FC302,大菊-世界一,514,彰化市場,122,113,91,111,462
111.12.04,N06,FD001,小菊-混合色,514,彰化市場,64,54,29,51,381
111.12.04,N06,FD100,小菊-紅,514,彰化市場,87,85,40,76,130
111.12.04,N06,FD113,小菊-日本小紅,514,彰化市場,105,80,63,81,136
111.12.04,N06,FD326,小菊-蒙那麗莎陽光黃,514,彰化市場,74,61,44,60,74
111.12.04,N06,FD400,小菊-粉,514,彰化市場,83,49,33,53,329
111.12.04,N06,FD423,小菊-粉日記,514,彰化市場,67,52,33,51,249
111.12.04,   ,FD456,,514,溪湖鎮,48,18,15,24,232
111.12.04,N06,FD600,小菊-白,514,彰化市場,115,110,69,103,529
111.12.04,N06,FD635,小菊-林克小白,514,彰化市場,123,122,122,122,230
111.12.04,   ,FD801,染小菊-芬蘭,514,溪湖鎮,78,39,16,42,490
111.12.04,N06,FE001,非洲菊-混合色,514,彰化市場,45,35,31,36,1230
111.12.04,   ,FE416,非洲-熱情粉,514,溪湖鎮,56,46,24,43,602
111.12.04,N06,FE700,非洲菊-紫,514,彰化市場,30,30,29,30,90
111.12.04,N04,FG1,苦瓜-白大米,514,溪湖鎮,68.8,52.4,47.9,54.8,337
111.12.04,N06,FG105,劍蘭-２３５號,514,彰化市場,73,59,51,60,298
111.12.04,N06,FG200,劍蘭-橙,514,彰化市場,52,52,52,52,40
111.12.04,N06,FG412,劍蘭-粉巨人,514,彰化市場,72,63,34,59,374
111.12.04,N06,FH000,其它花卉-其它花卉,514,彰化市場,87,87,87,87,20
111.12.04,N06,FH101,天堂鳥-天堂鳥,514,彰化市場,41,41,41,41,140
111.12.04,N06,FH293,向日葵-單瓣,514,彰化市場,82,65,36,63,436
111.12.04,N06,FH633,海芋-黃,514,彰化市場,16,16,16,16,22
111.12.04,N06,FH661,伯利恆之星-伯利恆之星,514,彰化市場,47,34,27,35,139
111.12.04,N04,FD1,花胡瓜,540,南投市,50,40,30,39.84,127
111.12.04,N05,31,釋迦,600,嘉義市,83,55,34,55,1500
111.12.04,N05,812,火龍果-紅肉,600,嘉義市,60,38,20,38,1300
111.12.04,N05,859,榴槤-進口,600,嘉義市,200,160,125,160,200
111.12.04,N05,91,其他,600,嘉義市,66,33,10,33,2600
111.12.04,N05,A1,香蕉,600,嘉義市,25,14,8,14,1600
111.12.04,N05,C1,椪柑,600,嘉義市,52,32,16,32,4000
111.12.04,N05,F1,雜柑-檸檬,600,嘉義市,66,42,20,42,200
111.12.04,N06,FA985,美女撫子-綠石竹,700,台南市場,114,77,51,79,27
111.12.04,   ,FA990,繡球撫子-紫白,700,台南市場,92,92,92,92,15
111.12.04,N06,FB100,火鶴花-紅色,700,台南市場,14,12,9,12,221
111.12.04,N06,FB111,火鶴花-月光,700,台南市場,12,10,7,10,570
111.12.04,,FB113,,700,台南市場,15,10,6,10,2261
111.12.04,N06,FB415,火鶴花-羅莎,700,台南市場,15,11,6,11,340
111.12.04,N06,FB420,火鶴花-小紅莓,700,台南市場,6,6,6,6,40
111.12.04,N06,FB700,火鶴花-花紫,700,台南市場,13,10,8,10,160
111.12.04,N06,FC000,大菊-大菊,700,台南市場,95,69,31,66,192
111.12.04,   ,FC206,大菊-金嗓,700,台南市場,105,103,86,100,120
111.12.04,,FC207,,700,台南市場,105,105,105,105,44
111.12.04,,FC208,,700,台南市場,99,97,95,97,108
111.12.04,N06,FC300,大菊-黃,700,台南市場,84,84,84,84,40
111.12.04,N06,FC302,大菊-世界一,700,台南市場,125,119,96,116,161
111.12.04,N06,FC350,大菊-黃乒乓,700,台南市場,109,109,109,109,36
111.12.04,N06,FC400,大菊-粉,700,台南市場,99,99,99,99,45
111.12.04,N06,FC800,大菊-  染色大菊,700,台南市場,131,124,111,123,671
111.12.04,N06,FC803,染大菊-牡丹,700,台南市場,381,374,284,358,42
111.12.04,N06,FD000,小菊-小菊,700,台南市場,101,101,101,101,30
111.12.04,N06,FD001,小菊-混合色,700,台南市場,70,60,36,57,278
111.12.04,N06,FD100,小菊-紅,700,台南市場,88,83,82,84,153
111.12.04,N06,FD113,小菊-日本小紅,700,台南市場,108,96,64,92,411
111.12.04,N06,FD128,小菊-老虎紅,700,台南市場,91,91,91,91,60
111.12.04,N06,FD309,小菊-日本黃,700,台南市場,90,74,62,75,206
111.12.04,N06,FD326,小菊-蒙那麗莎陽光黃,700,台南市場,79,78,77,78,50
111.12.04,,FD457,,700,台南市場,94,83,62,81,163
111.12.04,N06,FD802,染小菊-白鑽石,700,台南市場,82,76,60,74,420
111.12.04,   ,FE302,非洲-金爵,700,台南市場,29,29,29,29,20
111.12.04,N06,FE700,非洲菊-紫,700,台南市場,32,31,21,29,120
111.12.04,N06,FG105,劍蘭-２３５號,700,台南市場,99,76,61,78,863
111.12.04,N06,FG200,劍蘭-橙,700,台南市場,40,40,40,40,40
111.12.04,N06,FG412,劍蘭-粉巨人,700,台南市場,63,52,46,53,342
111.12.04,N06,FH114,小天堂鳥-粉紅,700,台南市場,41,33,30,34,52
111.12.04,N05,31,釋迦,800,高雄市,81.7,68.1,60,69.2,384
111.12.04,N05,45,草莓,800,高雄市,292.1,208.1,66.7,196.6,178
111.12.04,N05,459,草莓-進口,800,高雄市,800,800,800,800,10
111.12.04,N05,469,藍莓-進口藍莓,800,高雄市,650,488.1,227.5,468.3,24
111.12.04,N05,72,小番茄-聖女,800,高雄市,49.8,35,30,37,92
111.12.04,N05,849,石榴-進口,800,高雄市,220,150,150,164,50
111.12.04,N05,A1,香蕉,800,高雄市,34,22.1,15,23,4100
111.12.04,N05,B2,鳳梨-金鑽鳳梨,800,高雄市,25,25,25,25,400
111.12.04,N05,C6,佛利檬-佛利檬,800,高雄市,31,25,20.8,25.4,360
111.12.04,,C8,,800,高雄市,50,50,50,50,90
111.12.04,N05,E1,甜橙-柳橙,800,高雄市,30,22.4,15,22.5,795
111.12.04,N05,F2,雜柑-金棗,800,高雄市,40,40,40,40,168
111.12.04,N04,FA1,黃秋葵,800,高雄市,80,50,21,50.2,1064
111.12.04,N06,FA800,康乃馨-多朵(混色),800,高雄市場,46,34,30,35,234
111.12.04,N06,FA985,美女撫子-綠石竹,800,高雄市場,108,100,90,99,32
111.12.04,   ,FA990,繡球撫子-紫白,800,高雄市,110,110,110,110,11
111.12.04,N06,FB100,火鶴花-紅色,800,高雄市場,21,19,18,18,115
111.12.04,N06,FB111,火鶴花-月光,800,高雄市場,15,11,6,10,320
111.12.04,,FB113,,800,高雄市,18,14,11,14,1189
111.12.04,N06,FB415,火鶴花-羅莎,800,高雄市場,10,9,7,8,163
111.12.04,N06,FB700,火鶴花-花紫,800,高雄市場,13,13,12,12,96
111.12.04,N06,FC000,大菊-大菊,800,高雄市場,95,70,61,73,92
111.12.04,N06,FC100,大菊-紅,800,高雄市場,107,107,107,107,18
111.12.04,   ,FC206,大菊-金嗓,800,高雄市,104,87,78,89,210
111.12.04,,FC208,,800,高雄市,95,91,81,89,128
111.12.04,N06,FC300,大菊-黃,800,高雄市場,99,93,86,92,139
111.12.04,N06,FC302,大菊-世界一,800,高雄市場,132,126,110,123,300
111.12.04,N06,FC350,大菊-黃乒乓,800,高雄市場,103,103,103,103,36
111.12.04,N06,FC400,大菊-粉,800,高雄市場,66,66,66,66,25
111.12.04,N06,FC600,大菊-白,800,高雄市場,87,87,87,87,40
111.12.04,N06,FC609,大菊-白東洋,800,高雄市場,73,67,38,62,995
111.12.04,N06,FC613,大菊-白天星,800,高雄市場,55,55,55,55,60
111.12.04,N06,FD001,小菊-混合色,800,高雄市場,71,71,71,71,50
111.12.04,N06,FD112,小菊-紅雲南菊,800,高雄市場,102,102,102,102,32
111.12.04,N06,FD128,小菊-老虎紅,800,高雄市場,120,120,120,120,60
111.12.04,N06,FD200,小菊-金,800,高雄市場,124,110,87,108,314
111.12.04,N06,FD309,小菊-日本黃,800,高雄市場,84,70,57,70,272
111.12.04,N06,FD431,小菊-桃紅雲南菊,800,高雄市場,91,91,91,91,15
111.12.04,,FD457,,800,高雄市,101,90,85,90,331
111.12.04,,FD657,,800,高雄市,120,116,112,116,50
111.12.04,N06,FE201,非洲菊-太陽神,800,高雄市場,36,33,32,33,90
111.12.04,   ,FE302,非洲-金爵,800,高雄市,42,42,42,42,60
111.12.04,   ,FE605,非洲-冰山,800,高雄市,60,54,48,54,90
111.12.04,N04,FF2,絲瓜-角瓜,800,高雄市,50,50,50,50,100
111.12.04,N06,FG200,劍蘭-橙,800,高雄市場,41,41,41,41,20
111.12.04,N06,FG412,劍蘭-粉巨人,800,高雄市場,72,64,52,63,180
111.12.04,N06,FH006,黃梔花-黃梔花,800,高雄市場,57,47,30,45,581
111.12.04,N06,FH311,大理花-紅色,800,高雄市場,66,66,66,66,15
111.12.04,N06,FH332,雞冠花-暗紅,800,高雄市場,45,38,31,38,75
111.12.04,N05,E1,甜橙-柳橙,830,鳳山區,26.3,13.7,9,13.7,22840
111.12.04,N04,FB2,花椰菜-白梗,830,鳳山區,43.2,37.3,29.7,37,1350
111.12.04,N04,FC1,胡瓜-黑刺,830,鳳山區,29.1,15.8,10,17.3,1750
111.12.04,N04,FH1,扁蒲-長形,830,鳳山區,20,15.3,11.1,15.4,830
111.12.04,N04,FA1,黃秋葵,900,屏東市,18.4,17,14.6,16.8,1000
111.12.04,N04,FF1,絲瓜-絲瓜,900,屏東市,39.7,25.3,17.9,25.3,1905
111.12.04,N04,FG2,苦瓜-青大米,900,屏東市,50,44.9,40,44.9,47
111.12.04,N04,FG4,苦瓜-翠綠,900,屏東市,43.5,41.3,33,40.1,202
111.12.04,N04,FB1,花椰菜-青梗,930,台東市,45,36,28,36,769

