證券代號,證券名稱,成交股數,成交金額,開盤價,最高價,最低價,收盤價,漲跌價差,成交筆數
"0050","元大台灣50","8129000","933888500","114.50","115.85","114.20","114.60","-0.7000","3344"
"0051","元大中型100","20000","1052600","53.15","53.15","52.15","52.70","-0.3000","17"
"0052","富邦科技","245000","23990700","98.00","98.95","97.45","97.45","-1.1000","166"
"0053","元大電子","4000","220000","54.70","55.30","54.70","54.95","-0.3500","4"
"0055","元大MSCI金融","203000","4440320","21.74","22.00","21.74","21.91","0.1000","98"
"0056","元大高股息","26539000","675535890","25.52","25.58","25.33","25.44","-0.1700","12008"
"0057","富邦摩台","3000","245350","81.75","81.85","81.75","81.85","-0.7000","3"
"0061","元大寶滬深","205000","3843700","18.65","18.81","18.65","18.81","0.1600","75"
"006203","元大MSCI台灣","5000","278550","55.75","55.80","55.50","55.50","-0.7500","4"
"006204","永豐臺灣加權","21000","1543500","73.50","73.50","73.50","73.50","-0.3500","3"
"006205","富邦上証","805000","25475560","31.65","31.82","31.52","31.81","0.2600","96"
"006206","元大上證50","89000","2697060","30.36","30.44","30.10","30.44","0.2600","34"
"006207","FH滬深","107000","2624100","24.62","24.83","24.48","24.83","0.2100","13"
"006208","富邦台50","2192000","142360750","64.95","65.55","64.60","64.75","-0.4500","1135"
"00625K","富邦上証+R","","","","","","","0.0000",""
"00631L","元大台灣50正2","6904000","689833200","99.40","101.30","98.85","99.10","-1.0000","2047"
"00632R","元大台灣50反1","310757000","1782029120","5.75","5.77","5.69","5.76","0.0300","12190"
"00633L","富邦上証正2","10626000","423506710","39.53","40.38","39.35","40.33","0.8900","1690"
"00634R","富邦上証反1","323000","1444770","4.51","4.51","4.44","4.44","-0.0700","77"
"00635U","期元大S&P黃金","133000","3051290","22.93","22.98","22.89","22.94","0.0100","54"
"00636","國泰中國A50","836000","17835940","21.22","21.50","21.20","21.49","0.2700","195"
"00636K","國泰中國A50+U","200","1392","6.96","6.96","6.96","6.96","0.0100","2"
"00637L","元大滬深300正2","93600000","1466274820","15.54","15.91","15.49","15.91","0.4200","9751"
"00638R","元大滬深300反1","358000","3382540","9.51","9.51","9.39","9.39","-0.0800","125"
"00639","富邦深100","199000","2532590","12.64","12.80","12.64","12.80","0.1500","69"
"00640L","富邦日本正2","117000","3338240","28.45","28.59","28.45","28.50","-0.0200","38"
"00641R","富邦日本反1","276000","2666880","9.68","9.68","9.64","9.65","-0.0200","51"
"00642U","期元大S&P石油","13416000","214093360","16.03","16.04","15.90","15.98","-0.6200","3256"
"00643","群益深証中小","493000","7445840","15.10","15.21","15.04","15.20","0.1700","126"
"00643K","群益深証中小+R","","","","","","","0.0000",""
"00645","富邦日本","112000","2922450","26.08","26.14","26.08","26.14","0.1400","65"
"00646","元大S&P500","324000","12142190","37.46","37.51","37.42","37.50","-0.3100","153"
"00647L","元大S&P500正2","147000","7763150","52.80","52.95","52.65","52.90","-1.3000","84"
"00648R","元大S&P500反1","4679000","34509690","7.38","7.40","7.36","7.38","0.1000","299"
"00650L","FH香港正2","14285000","193570140","13.35","13.83","13.28","13.74","0.5100","1487"
"00651R","FH香港反1","1734000","14995900","8.73","8.80","8.56","8.58","-0.1500","296"
"00652","富邦印度","77000","2392510","31.15","31.15","31.03","31.03","-0.1600","52"
"00653L","富邦印度正2","83000","4041190","48.60","48.85","48.37","48.37","-0.3800","49"
"00654R","富邦印度反1","331000","2531380","7.65","7.66","7.61","7.65","0.0200","63"
"00655L","國泰中國A50正2","2981000","84230670","28.06","28.70","27.95","28.69","0.7300","624"
"00656R","國泰中國A50反1","315000","2656130","8.47","8.49","8.37","8.37","-0.0900","48"
"00657","國泰日經225","1000","32570","32.57","32.57","32.57","32.57","-0.4300","1"
"00657K","國泰日經225+U","200","2126","10.63","10.63","10.63","10.63","-0.1500","2"
"00660","元大歐洲50","7000","201440","28.82","28.82","28.76","28.82","-0.1000","4"
"00661","元大日經225","1000","35220","35.22","35.22","35.22","35.22","-0.3300","1"
"00662","富邦NASDAQ","430000","19679890","45.90","45.90","45.73","45.77","-0.6800","286"
"00663L","國泰臺灣加權正2","237000","21631000","91.40","93.00","90.90","91.15","-0.9000","23"
"00664R","國泰臺灣加權反1","10927000","70936280","6.51","6.52","6.44","6.51","0.0300","723"
"00665L","富邦恒生國企正2","27394000","238251740","8.52","8.92","8.49","8.89","0.4000","2298"
"00666R","富邦恒生國企反1","281000","4187690","15.01","15.01","14.76","14.80","-0.2900","72"
"00668","國泰美國道瓊","6000","224870","37.41","37.53","37.41","37.51","-0.2400","5"
"00668K","國泰美國道瓊+U","300","3668","12.23","12.23","12.22","12.22","-0.1300","3"
"00669R","國泰美國道瓊反1","20639000","163327620","7.92","7.92","7.90","7.92","0.0800","1291"
"00670L","富邦NASDAQ正2","4860000","267199050","54.95","55.15","54.80","55.10","-2.0000","1613"
"00671R","富邦NASDAQ反1","13372000","84234290","6.30","6.31","6.28","6.30","0.1100","694"
"00673R","期元大S&P原油反1","58369000","543024930","9.26","9.34","9.26","9.28","0.3400","3908"
"00674R","期元大S&P黃金反1","755000","10019040","13.28","13.29","13.24","13.27","0.0000","140"
"00675L","富邦臺灣加權正2","1370000","54737870","39.87","40.57","39.62","39.70","-0.4600","379"
"00676R","富邦臺灣加權反1","11767000","41949680","3.58","3.58","3.54","3.57","0.0100","674"
"00678","群益NBI生技","314000","8296040","26.41","26.45","26.41","26.43","-0.3300","12"
"00680L","元大美債20正2","5924000","74268090","12.53","12.58","12.50","12.53","0.1500","745"
"00681R","元大美債20反1","479000","8531120","17.76","17.83","17.75","17.83","-0.0600","46"
"00682U","期元大美元指數","150000","3151190","21.02","21.03","20.98","21.02","0.0600","79"
"00683L","期元大美元指正2","1682000","37736930","22.42","22.48","22.36","22.46","0.1200","327"
"00684R","期元大美元指反1","60000","948380","15.82","15.82","15.78","15.79","-0.0500","16"
"00685L","群益臺灣加權正2","189000","6717280","35.41","36.03","35.20","35.32","-0.3300","71"
"00686R","群益臺灣加權反1","1333000","5158680","3.86","3.88","3.85","3.88","0.0300","57"
"00688L","國泰20年美債正2","2773000","34394440","12.42","12.45","12.37","12.40","0.1300","207"
"00689R","國泰20年美債反1","115000","2127100","18.48","18.50","18.48","18.50","-0.0700","6"
"00690","兆豐藍籌30","451000","11737090","26.13","26.20","25.93","25.98","-0.1500","186"
"00692","富邦公司治理","1456000","40637070","27.89","28.10","27.73","27.82","-0.1700","512"
"00693U","期街口S&P黃豆","344000","8982000","26.06","26.14","26.02","26.12","0.3300","47"
"00700","富邦恒生國企","248000","3221980","12.89","13.18","12.89","13.15","0.2600","67"
"00701","國泰股利精選30","751000","16817490","22.30","22.48","22.25","22.40","0.1000","235"
"00702","國泰標普低波高息","111000","2423140","21.84","21.84","21.82","21.84","-0.1400","12"
"00703","台新MSCI中國","157000","2498870","15.86","16.09","15.80","16.06","0.2900","48"
"00706L","期元大S&P日圓正2","1639000","15848270","9.67","9.72","9.63","9.65","-0.0600","306"
"00707R","期元大S&P日圓反1","29000","708370","24.45","24.47","24.41","24.47","0.1000","11"
"00708L","期元大S&P黃金正2","648000","15326760","23.62","23.73","23.58","23.70","0.0300","127"
"00709","富邦歐洲","85000","1933070","22.72","22.76","22.72","22.73","-0.1600","13"
"00710B","FH彭博非投等債","205000","3717800","18.11","18.17","18.10","18.16","0.0700","46"
"00711B","FH彭博新興債","86000","1411260","16.41","16.41","16.41","16.41","0.0100","11"
"00712","FH富時不動產","7679000","79188760","10.38","10.38","10.30","10.32","-0.1500","2625"
"00713","元大台灣高息低波","6013000","234088700","39.03","39.13","38.76","38.88","-0.1400","2750"
"00714","群益道瓊美國地產","154000","2902920","18.84","18.86","18.84","18.85","-0.1100","89"
"00715L","期街口布蘭特正2","78583000","1091424630","14.08","14.11","13.77","13.88","-1.2500","12967"
"00717","富邦美國特別股","214000","3163070","14.80","14.82","14.76","14.77","-0.0500","51"
"00728","第一金工業30","405000","9318770","23.10","23.18","22.95","22.96","-0.1900","235"
"00730","富邦臺灣優質高息","129000","2156950","16.84","16.84","16.64","16.65","-0.1900","87"
"00731","FH富時高息低波","1066000","57485150","53.85","54.05","53.85","53.95","0.1000","55"
"00732","國泰RMB短期報酬","100000","4047000","40.47","40.47","40.47","40.47","0.0900","4"
"00733","富邦臺灣中小","510000","18131660","35.88","35.93","35.15","35.29","-0.6200","188"
"00735","國泰臺韓科技","106000","2647210","24.88","25.03","24.88","24.94","-0.2500","9"
"00736","國泰新興市場","101000","1977110","19.53","19.61","19.53","19.61","-0.0100","4"
"00737","國泰AI+Robo","119000","2964730","24.91","24.96","24.86","24.94","-0.4200","43"
"00738U","期元大道瓊白銀","188000","4189660","22.22","22.40","22.18","22.39","-0.0600","92"
"00739","元大MSCI A股","172000","3999150","23.23","23.42","23.19","23.42","0.2700","20"
"00752","中信中國50","2753000","50064920","18.02","18.39","17.98","18.37","0.4200","661"
"00753L","中信中國50正2","18013000","204170570","11.18","11.60","11.14","11.55","0.3700","2618"
"00757","統一FANG+","313000","11202590","35.79","35.82","35.74","35.82","-0.4100","135"
"00762","元大全球AI","162000","4975950","30.67","30.77","30.67","30.75","-0.5500","101"
"00763U","期街口道瓊銅","24000","585520","24.43","24.54","24.32","24.54","0.1100","10"
"00770","國泰北美科技","101000","2839400","28.07","28.15","28.07","28.13","-0.5700","16"
"00771","元大US高息特別股","22000","364410","16.55","16.58","16.55","16.57","-0.0600","22"
"00774B","新光中國政金綠債","3000","121090","40.39","40.39","40.35","40.35","0.0500","3"
"00774C","新光中政金綠債+R","","","","","","","0.0000",""
"00775B","新光投等債15+","58000","1999340","34.50","34.50","34.37","34.47","0.0200","6"
"00783","富邦中証500","66000","1383210","20.91","21.00","20.91","21.00","0.0500","7"
"00830","國泰費城半導體","4401000","105681990","24.01","24.04","23.95","24.03","-0.3800","1893"
"00850","元大臺灣ESG永續","713000","20838880","29.17","29.42","29.04","29.15","-0.1100","176"
"00851","台新全球AI","25000","575490","23.01","23.03","23.01","23.02","-0.3900","6"
"00852L","國泰美國道瓊正2","873000","17350210","19.87","19.91","19.83","19.86","-0.3800","147"
"00861","元大全球未來通訊","89000","2372700","26.65","26.67","26.63","26.65","-0.3100","33"
"00865B","國泰US短期公債","101000","4040020","40.00","40.02","40.00","40.02","0.1200","5"
"00875","國泰網路資安","91000","2303680","25.29","25.35","25.26","25.32","-0.2900","53"
"00876","元大全球5G","218000","5557900","25.56","25.56","25.45","25.46","-0.3800","108"
"00878","國泰永續高股息","37724000","619603930","16.41","16.51","16.37","16.40","-0.0500","13238"
"00881","國泰台灣5G+","7163000","102496390","14.33","14.44","14.25","14.25","-0.1700","2176"
"00882","中信中國高股息","6269000","74161560","11.77","11.88","11.76","11.86","0.1100","1474"
"00885","富邦越南","38075000","444376140","11.61","11.78","11.55","11.76","-0.1500","7163"
"00891","中信關鍵半導體","10480000","122546300","11.72","11.83","11.63","11.63","-0.1600","3196"
"00892","富邦台灣半導體","4183000","43884640","10.51","10.60","10.42","10.42","-0.1500","1066"
"00893","國泰智能電動車","10364000","124157570","11.98","12.02","11.92","12.01","-0.1200","2351"
"00894","中信小資高價30","1550000","18743400","12.17","12.20","12.02","12.03","-0.1400","204"
"00895","富邦未來車","2541000","32977200","12.97","13.01","12.95","12.98","-0.1700","597"
"00896","中信綠能及電動車","1904000","25493410","13.42","13.48","13.30","13.30","-0.1200","362"
"00897","富邦基因免疫生技","1480000","13031040","8.82","8.82","8.79","8.82","-0.2400","336"
"00898","國泰基因免疫革命","862000","6508120","7.55","7.57","7.54","7.56","-0.1100","249"
"00899","FT潔淨能源","203000","4685670","23.21","23.21","23.03","23.03","-0.4700","93"
"00900","富邦特選高股息30","8727000","93616290","10.80","10.81","10.66","10.68","-0.1200","2317"
"00901","永豐智能車供應鏈","604000","7300690","12.11","12.18","12.02","12.02","-0.1600","162"
"00902","中信電池及儲能","8441000","113175580","13.21","13.52","13.21","13.45","0.1300","981"
"00903","富邦元宇宙","8362000","70667590","8.48","8.48","8.41","8.46","-0.2500","1245"
"00904","新光臺灣半導體30","897000","9924480","11.09","11.19","11.01","11.02","-0.1500","260"
"00905","FT臺灣Smart","352000","3064770","8.70","8.78","8.68","8.68","-0.0500","108"
"00906","大華元宇宙科技50","6000","54060","9.02","9.02","9.00","9.00","-0.1000","5"
"00907","永豐優息存股","702000","10242380","14.48","14.65","14.46","14.58","0.0700","234"
"00908","富邦入息REITs+","654000","8838670","13.50","13.52","13.49","13.49","-0.0100","52"
"00909","國泰數位支付服務","1281000","19209960","15.00","15.02","14.92","15.01","-0.3400","324"
"00910","第一金太空衛星","149000","2226080","14.95","14.95","14.91","14.91","-0.1700","16"
"00911","兆豐洲際半導體","151000","2295080","15.18","15.21","15.18","15.20","-0.2900","14"
"00912","中信臺灣智慧50","962000","13480690","14.00","14.08","13.92","13.92","-0.1200","153"
"00913","兆豐台灣晶圓製造","468000","7043540","14.98","15.10","14.91","14.91","-0.2700","30"
"00915","凱基優選高股息30","572000","8757900","15.20","15.38","15.20","15.28","-0.0700","207"
"00916","國泰全球品牌50","848000","12399340","14.62","14.64","14.60","14.63","-0.1900","345"
"00917","中信特選金融","544000","8159750","15.00","15.01","14.99","15.01","-0.1000","115"
"00918","大華優利高填息30","705000","10590280","15.05","15.12","14.97","15.05","-0.0900","215"
"00919","群益台灣精選高息","3520000","58358090","16.61","16.70","16.47","16.51","-0.1600","1227"
"00920","富邦ESG綠色電力","648000","11029810","17.05","17.05","17.01","17.03","-0.3100","61"
"01001T","土銀富邦R1","17000","279940","16.35","18.00","16.35","18.00","1.6000","5"
"01002T","土銀國泰R1","60000","1078820","18.00","18.00","17.97","17.98","-0.0200","26"
"01003T","兆豐新光R1","","","","","","","0.0000",""
"01004T","土銀富邦R2","13000","201330","15.38","15.80","15.38","15.80","0.0000","10"
"01007T","兆豐國泰R2","153000","2761570","18.03","18.06","18.03","18.05","0.0000","9"
"01009T","王道圓滿R1","","","","","","","0.0000",""
"01010T","京城樂富R1","128000","1275490","9.98","10.00","9.95","10.00","0.0000","12"
"020000","富邦特選蘋果N","","","","","","","0.0000",""
"020002","元富新中國N","1000","12960","12.96","12.96","12.96","12.96","0.1000","1"
"020007","凱基臺灣500N","","","","","","","0.0000",""
"020011","統一微波高息20N","","","","","","","0.0000",""
"020012","富邦行動通訊N","1000","6510","6.51","6.51","6.51","6.51","0.0000","1"
"020015","統一MSCI美低波N","","","","","","","0.0000",""
"020016","統一MSCI美科技N","1000","16100","16.10","16.10","16.10","16.10","0.0000","1"
"020018","統一價值成長30N","11000","156200","14.22","14.22","14.00","14.00","-0.4200","2"
"020019","統一特選台灣5GN","","","","","","","0.0000",""
"02001L","富邦蘋果正二N","126000","1158850","9.35","9.35","9.07","9.10","-0.5200","7"
"02001R","富邦蘋果反一N","126000","375840","2.95","2.99","2.95","2.99","0.0500","7"
"02001S","策元大加權策略N","214000","1055010","4.99","4.99","4.91","4.92","-0.0200","88"
"020020","元大台股領航N","18000","116820","6.45","6.50","6.45","6.47","-0.0300","7"
"020022","元大電動車N","150000","775750","5.22","5.22","5.14","5.15","-0.0700","42"
"020028","元大特選電動車N","49000","245110","5.04","5.04","4.96","4.98","-0.0600","27"
"020029","元大ESG高股息N","27000","120660","4.47","4.49","4.46","4.49","0.0200","8"
"020030","統一智慧電動車N","198000","790900","4.03","4.03","3.97","3.98","-0.0800","32"
"020031","統一IC設計臺灣N","330000","1134270","3.48","3.48","3.43","3.43","-0.0700","47"
"020032","元大綠能N","89000","434070","4.88","4.90","4.82","4.82","-0.0600","18"
"020034","元大IC設計N","266000","1108620","4.17","4.20","4.12","4.12","-0.0800","33"
"1101","台泥","21867000","728071950","33.20","33.50","33.05","33.35","0.0500","7084"
"1101B","台泥乙特","65000","3121850","48.30","48.30","47.90","48.25","-0.0500","19"
"1102","亞泥","5113000","210195850","41.15","41.30","40.90","40.90","-0.3500","2509"
"1103","嘉泥","179000","3199550","18.05","18.10","17.70","17.95","-0.1000","116"
"1104","環泥","564000","12621200","22.35","22.50","22.30","22.45","0.1000","230"
"1108","幸福","151000","1628350","10.80","10.85","10.75","10.75","-0.1000","85"
"1109","信大","95000","1547250","16.35","16.45","16.15","16.15","-0.3000","58"
"1110","東泥","121000","2133900","17.70","17.80","17.55","17.70","-0.1000","77"
"1201","味全","299000","5668700","18.95","19.10","18.85","19.05","0.1000","181"
"1203","味王","24000","825800","34.20","34.60","34.00","34.60","0.6500","23"
"1210","大成","559000","24957900","44.40","44.90","44.35","44.75","0.3500","324"
"1213","大飲","13000","92430","7.09","7.20","6.91","7.05","-0.2900","7"
"1215","卜蜂","292000","22875100","78.10","78.90","78.00","78.90","0.9000","246"
"1216","統一","13649000","889775100","65.00","65.60","64.70","65.20","0.6000","4383"
"1217","愛之味","1132000","11781900","10.35","10.50","10.30","10.40","0.0500","398"
"1218","泰山","6644000","255379150","39.30","39.30","38.05","38.40","-0.7500","3168"
"1219","福壽","394000","7486250","19.10","19.15","18.90","19.05","0.0000","193"
"1220","台榮","97000","1472500","15.15","15.25","15.15","15.15","-0.1000","56"
"1225","福懋油","3000","171700","57.60","57.60","56.80","57.30","0.7000","3"
"1227","佳格","406000","16328550","40.20","40.65","40.10","40.30","-0.1000","235"
"1229","聯華","737000","36727150","49.80","50.20","49.60","49.80","-0.2000","488"
"1231","聯華食","133000","9662500","73.00","73.50","72.10","72.50","-0.5000","108"
"1232","大統益","41000","6012500","146.00","147.00","146.00","146.50","0.5000","36"
"1233","天仁","32000","1037250","32.45","32.55","32.30","32.30","-0.2000","21"
"1234","黑松","194000","6401500","32.95","33.10","32.95","33.10","0.1500","103"
"1235","興泰","9000","617100","68.60","69.00","68.50","68.50","-1.3000","7"
"1236","宏亞","91000","1963500","21.45","21.80","21.25","21.40","-0.0500","54"
"1256","鮮活果汁-KY","109000","30665000","261.00","287.00","261.00","274.50","13.5000","102"
"1301","台塑","7913000","699491900","87.40","89.20","87.30","88.10","0.8000","3332"
"1303","南亞","9509000","718304400","75.60","76.10","75.10","75.20","-0.6000","3491"
"1304","台聚","2079000","43353900","20.95","21.15","20.70","20.75","-0.3000","1120"
"1305","華夏","1114000","23997750","21.60","21.80","21.30","21.50","-0.2000","564"
"1307","三芳","144000","2992650","20.80","21.15","20.65","21.10","0.3500","65"
"1308","亞聚","1001000","27758650","28.05","28.20","27.40","27.65","-0.4000","609"
"1309","台達化","1354000","29001600","21.35","21.75","21.15","21.45","-0.3000","756"
"1310","台苯","438000","6076550","13.85","14.05","13.75","13.80","-0.0500","226"
"1312","國喬","7439000","141287850","19.15","19.35","18.70","18.85","-0.3500","2275"
"1312A","國喬特","2000","55200","27.35","27.85","27.35","27.85","-0.4500","2"
"1313","聯成","1579000","21374000","13.50","13.80","13.40","13.50","-0.1000","554"
"1314","中石化","8569000","86149100","10.10","10.20","10.00","10.05","-0.0500","1819"
"1315","達新","24000","1726600","72.30","72.30","71.20","72.10","-0.2000","22"
"1316","上曜","720000","9358350","13.00","13.20","12.80","13.00","0.0000","298"
"1319","東陽","7789000","368566000","48.35","48.60","46.70","46.80","-1.8500","3839"
"1321","大洋","120000","4057150","33.80","34.10","33.55","34.00","0.2000","75"
"1323","永裕","51000","1679100","33.10","33.10","32.80","32.95","0.0000","28"
"1324","地球","12000","125150","10.45","10.50","10.40","10.45","0.0000","10"
"1325","恆大","231000","5401650","23.45","23.70","23.10","23.20","-0.1500","162"
"1326","台化","3649000","266627900","73.90","73.90","72.70","72.70","-1.2000","1419"
"1337","再生-KY","668000","4653630","7.00","7.06","6.91","7.00","-0.0300","277"
"1338","廣華-KY","124000","5685300","46.65","46.65","45.55","45.70","-0.3000","95"
"1339","昭輝","319000","13639950","42.45","43.20","42.30","42.80","0.6000","208"
"1340","勝悅-KY","81000","812750","10.00","10.10","9.99","10.05","0.0000","43"
"1341","富林-KY","18000","1221200","68.00","68.00","67.50","67.90","-0.3000","11"
"1342","八貫","20993000","2623636500","125.00","131.00","117.50","122.50","-2.5000","13383"
"1402","遠東新","17489000","575662300","32.85","33.10","32.65","32.80","0.0500","5064"
"1409","新纖","1322000","23220100","17.50","17.75","17.40","17.55","0.0500","550"
"1410","南染","709000","30862800","44.25","44.75","42.00","42.95","-1.7000","347"
"1413","宏洲","41000","395090","9.78","9.78","9.60","9.73","-0.0500","29"
"1414","東和","241000","4290050","17.90","17.90","17.65","17.90","0.0000","131"
"1416","廣豐","64000","666350","10.45","10.50","10.35","10.40","-0.0500","38"
"1417","嘉裕","4478000","62974000","14.40","14.50","13.75","13.95","-0.3500","1805"
"1418","東華","9000","124800","14.05","14.05","13.80","13.90","0.1000","7"
"1419","新紡","48000","1878950","39.25","39.30","38.80","39.10","-0.1500","21"
"1423","利華","90000","1797600","20.00","20.05","19.90","20.05","0.0500","43"
"1432","大魯閣","146000","1762900","12.15","12.25","12.00","12.00","-0.1000","99"
"1434","福懋","611000","16165950","26.55","26.55","26.35","26.55","-0.0500","341"
"1436","華友聯","65000","3669800","56.50","56.70","56.00","56.50","0.0000","56"
"1437","勤益控","2927000","77940150","26.70","26.90","25.75","26.00","-0.4500","1401"
"1438","三地開發","74000","2299100","31.90","31.95","30.30","31.00","-0.8000","60"
"1439","雋揚","21000","448900","21.40","21.65","21.15","21.45","-0.1500","18"
"1440","南紡","949000","16334600","17.20","17.40","17.05","17.15","0.0000","383"
"1441","大東","19000","151490","8.01","8.01","7.95","8.00","-0.0100","18"
"1442","名軒","760000","27414050","35.95","36.50","35.65","36.50","0.5500","456"
"1443","立益物流","90000","1895300","21.20","21.45","20.90","21.00","-0.2500","51"
"1444","力麗","2599000","27309750","10.60","10.65","10.40","10.50","-0.0500","626"
"1445","大宇","8000","128550","16.10","16.10","16.05","16.05","-0.1000","4"
"1446","宏和","126000","3807850","30.40","30.55","29.90","29.90","-0.7000","78"
"1447","力鵬","1272000","10058970","7.96","7.98","7.87","7.87","-0.0900","466"
"1451","年興","381000","8113950","21.40","21.60","21.15","21.25","-0.2500","304"
"1452","宏益","162000","2858550","17.80","17.80","17.50","17.55","-0.2500","85"
"1453","大將","763000","12970950","17.30","17.60","16.60","16.75","-0.6000","412"
"1454","台富","296000","3987550","13.30","13.90","13.20","13.25","0.1000","134"
"1455","集盛","841000","8912950","10.70","10.70","10.50","10.50","-0.2000","266"
"1456","怡華","59000","945550","16.20","16.20","15.85","16.15","0.0000","37"
"1457","宜進","825000","15558400","18.70","18.90","18.65","18.90","0.1500","143"
"1459","聯發","77000","659760","8.69","8.76","8.50","8.51","-0.1900","41"
"1460","宏遠","508000","3626850","7.16","7.20","7.10","7.17","0.0200","167"
"1463","強盛","105000","1526200","14.60","14.65","14.45","14.50","-0.1000","65"
"1464","得力","223000","3193350","14.35","14.40","14.25","14.30","-0.1000","99"
"1465","偉全","41000","563100","13.85","13.85","13.65","13.70","-0.2000","24"
"1466","聚隆","80000","944600","11.90","11.90","11.65","11.80","-0.1000","29"
"1467","南緯","7282000","89603150","12.15","12.50","12.15","12.30","0.0500","848"
"1468","昶和","42000","556800","13.30","13.35","13.15","13.30","-0.1500","35"
"1470","大統新創","18000","342900","19.15","19.15","18.85","18.85","-0.0500","10"
"1471","首利","396000","3170840","8.09","8.15","7.92","8.09","0.0000","210"
"1472","三洋實業","2000","42150","20.95","21.20","20.95","21.20","-0.5000","2"
"1473","台南","100000","2047100","20.40","20.65","20.25","20.65","0.1500","58"
"1474","弘裕","555000","6922450","12.45","12.55","12.35","12.35","-0.1500","136"
"1475","業旺","91000","5850400","63.80","66.00","63.40","63.40","-1.2000","82"
"1476","儒鴻","778000","372477000","479.00","483.00","469.50","477.00","3.5000","620"
"1477","聚陽","1322000","310336500","235.00","238.00","230.50","236.50","1.5000","954"
"1503","士電","131000","7946200","60.90","61.40","59.90","60.10","-0.8000","99"
"1504","東元","3250000","90333200","27.90","28.10","27.60","27.70","-0.2000","1618"
"1506","正道","558000","9769200","17.80","17.80","17.30","17.75","-0.1000","285"
"1512","瑞利","137000","466330","3.50","3.50","3.39","3.39","-0.1200","48"
"1513","中興電","32357000","2053958900","64.30","65.20","62.30","62.80","-1.7000","15372"
"1514","亞力","4786000","145530600","30.70","31.30","29.85","30.00","-0.8500","2518"
"1515","力山","1051000","34696000","33.00","33.90","32.30","32.65","0.0000","725"
"1516","川飛","387000","8180800","21.50","21.50","20.90","20.95","-0.6000","255"
"1517","利奇","930000","21131100","23.10","23.15","22.45","22.50","-0.5000","486"
"1519","華城","37601000","1853061700","48.80","50.80","47.90","49.65","0.9500","19734"
"1521","大億","19000","683150","36.15","36.15","35.70","35.80","-0.1500","15"
"1522","堤維西","8497000","244377050","28.35","29.10","28.15","29.10","0.7500","4044"
"1522A","堤維西甲特","","","","","","","0.0000",""
"1524","耿鼎","6645000","166903050","25.30","25.70","24.50","24.90","-0.5500","3187"
"1525","江申","38000","2214800","59.00","59.00","57.40","58.00","-1.5000","36"
"1526","日馳","394000","17774850","45.75","45.75","44.80","45.05","-0.6000","245"
"1527","鑽全","192000","7971600","41.40","41.70","41.40","41.50","-0.2000","137"
"1528","恩德","322000","3194450","9.94","9.99","9.86","9.89","-0.0600","133"
"1529","樂事綠能","867000","15354000","17.90","18.05","17.40","17.60","-0.2000","433"
"1530","亞崴","21000","660450","31.55","31.55","31.30","31.40","-0.3000","18"
"1531","高林股","87000","1218050","14.00","14.05","13.90","14.05","-0.0500","52"
"1532","勤美","232000","6887000","29.50","30.10","29.40","29.50","-0.1000","151"
"1533","車王電","293000","14810350","51.80","51.80","49.80","50.30","-1.3000","221"
"1535","中宇","71000","3029050","42.70","42.85","42.50","42.50","-0.3500","57"
"1536","和大","1358000","99314600","73.00","74.20","72.20","72.60","-1.0000","961"
"1537","廣隆","69000","9514500","137.50","138.50","137.50","138.00","0.0000","58"
"1538","正峰","11000","70290","6.18","6.51","6.18","6.51","0.0000","11"
"1539","巨庭","1759000","55272150","32.20","32.30","30.80","31.20","-0.9500","1097"
"1540","喬福","111000","1774250","15.95","16.20","15.90","15.90","-0.1500","82"
"1541","錩泰","24000","831000","34.90","34.90","34.50","34.50","-0.3000","20"
"1558","伸興","76000","8966500","117.50","119.00","117.50","118.00","-0.5000","59"
"1560","中砂","20339000","2571453500","131.00","132.00","121.50","124.50","-5.0000","13033"
"1568","倉佑","761000","18947450","24.85","25.15","24.40","25.05","0.2000","382"
"1582","信錦","105000","6236500","60.00","60.00","59.10","59.30","-0.7000","96"
"1583","程泰","1000","61400","61.40","61.40","61.40","61.40","-0.3000","1"
"1587","吉茂","29000","650300","22.60","22.60","22.25","22.50","-0.2500","22"
"1589","永冠-KY","450000","25971700","57.20","58.10","57.00","57.40","0.4000","344"
"1590","亞德客-KY","798000","750385000","962.00","968.00","916.00","958.00","-6.0000","700"
"1597","直得","67000","4936200","74.50","75.10","73.10","73.60","-0.8000","58"
"1598","岱宇","1752000","77341100","43.00","45.20","43.00","43.20","0.6000","1211"
"1603","華電","1080000","28329050","26.85","26.95","25.65","25.65","-0.9000","423"
"1604","聲寶","848000","21805600","25.05","26.20","25.00","25.80","0.7000","275"
"1605","華新","151859000","7316495850","48.45","49.85","46.65","47.30","-1.0000","57588"
"1608","華榮","778000","11141350","14.45","14.55","14.10","14.25","-0.2000","329"
"1609","大亞","6771000","138007000","20.90","20.90","20.00","20.00","-0.7500","3148"
"1611","中電","756000","10767200","14.50","14.50","14.10","14.10","-0.3500","457"
"1612","宏泰","636000","10261400","16.20","16.50","16.00","16.10","-0.1000","374"
"1614","三洋電","21000","753500","35.95","36.05","35.80","36.05","0.1000","13"
"1615","大山","51000","1460300","28.95","28.95","28.50","28.70","0.0000","28"
"1616","億泰","131000","984660","7.58","7.63","7.43","7.47","-0.1100","68"
"1617","榮星","48000","718100","14.95","15.05","14.90","14.90","-0.0500","15"
"1618","合機","382000","5318550","14.05","14.10","13.85","13.85","-0.1500","148"
"1626","艾美特-KY","99000","1717900","17.45","17.60","17.10","17.45","-0.1000","52"
"1701","中化","1149000","24464100","21.05","21.45","21.00","21.35","0.3000","486"
"1702","南僑","114000","5065900","44.30","44.70","44.15","44.50","0.3000","96"
"1707","葡萄王","2837000","458199000","161.50","164.00","157.00","160.00","-1.0000","2053"
"1708","東鹼","2203000","95429600","43.55","44.10","42.70","43.25","-0.2000","1289"
"1709","和益","687000","15570650","22.85","22.90","22.50","22.55","-0.2500","369"
"1710","東聯","1001000","18253950","18.15","18.50","18.05","18.10","-0.0500","394"
"1711","永光","1104000","20357000","18.40","18.80","18.20","18.30","-0.1000","518"
"1712","興農","1343000","51486650","38.15","38.65","38.00","38.25","0.0500","844"
"1713","國化","9000","221550","24.60","24.65","24.60","24.65","-0.1000","7"
"1714","和桐","1230000","10590510","8.56","8.67","8.53","8.62","0.0600","477"
"1717","長興","1607000","50339700","31.40","31.50","31.15","31.20","-0.2000","1044"
"1718","中纖","2981000","25311770","8.53","8.63","8.39","8.45","-0.0700","988"
"1720","生達","1293000","63573300","48.65","49.85","48.40","48.90","0.5500","771"
"1721","三晃","1981000","31038650","15.75","15.95","15.45","15.50","-0.3000","908"
"1722","台肥","1355000","74286800","55.30","55.30","54.50","54.80","-0.4000","667"
"1723","中碳","257000","27866000","109.00","109.50","107.50","108.00","-1.0000","153"
"1725","元禎","63000","1287750","20.50","20.60","20.30","20.45","-0.2500","43"
"1726","永記","14000","990400","70.60","70.90","70.60","70.90","0.4000","14"
"1727","中華化","714000","19965700","27.70","28.50","27.40","28.00","0.2500","509"
"1730","花仙子","34000","1908800","56.50","56.70","55.70","55.90","-0.1000","32"
"1731","美吾華","305000","5598500","18.05","18.60","18.05","18.40","0.4000","192"
"1732","毛寶","334000","10128850","30.55","30.90","29.80","30.10","-0.4500","204"
"1733","五鼎","599000","15181450","25.50","25.60","25.00","25.30","0.1500","269"
"1734","杏輝","6887000","216556850","30.70","31.80","30.60","31.80","1.2000","3454"
"1735","日勝化","3000","45100","15.05","15.05","15.00","15.00","-0.1000","3"
"1736","喬山","6943000","577377800","85.20","86.20","80.30","83.10","-1.7000","4513"
"1737","臺鹽","259000","8373300","32.00","32.60","32.00","32.25","0.2500","180"
"1752","南光","949000","37179200","39.00","39.75","38.60","39.05","0.2000","591"
"1760","寶齡富錦","23195000","4147446000","181.50","185.00","172.00","175.00","-5.0000","14932"
"1762","中化生","287000","16899000","58.60","59.80","57.90","58.80","-0.1000","209"
"1773","勝一","324000","38220000","116.50","120.00","116.50","117.50","0.0000","259"
"1776","展宇","17000","284650","16.75","16.85","16.70","16.70","-0.2000","10"
"1783","和康生","1078000","50241650","47.00","47.90","45.20","46.60","-0.4500","760"
"1786","科妍","750000","39626500","49.60","54.30","49.60","52.20","2.5000","620"
"1789","神隆","1066000","26171800","24.20","24.75","24.20","24.60","0.4000","511"
"1795","美時","4195000","1020970000","248.00","254.00","236.00","244.00","-5.5000","2773"
"1802","台玻","20457000","503270700","24.00","24.95","23.95","24.70","0.8000","8076"
"1805","寶徠","5000","53450","10.65","10.80","10.65","10.65","0.0500","5"
"1806","冠軍","601000","5664060","9.50","9.55","9.32","9.32","-0.1500","268"
"1808","潤隆","181000","11732400","64.40","65.50","64.00","64.60","0.3000","132"
"1809","中釉","572000","7694050","13.60","13.65","13.25","13.45","-0.0500","296"
"1810","和成","6206000","127679450","20.70","20.95","20.10","20.50","-0.0500","2693"
"1817","凱撒衛","15000","543300","36.30","36.30","36.05","36.10","-0.2000","14"
"1903","士紙","153000","7682850","50.10","51.00","49.50","50.70","0.0000","74"
"1904","正隆","973000","27041300","27.35","27.90","27.35","27.85","0.4000","597"
"1905","華紙","963000","16363850","17.10","17.25","16.80","16.85","-0.2500","514"
"1906","寶隆","236000","3950000","16.75","16.90","16.60","16.70","0.0000","109"
"1907","永豐餘","2821000","71587350","25.50","25.80","25.20","25.25","-0.2000","1270"
"1909","榮成","2206000","34202950","15.65","15.75","15.30","15.45","-0.2000","923"
"2002","中鋼","22742000","661586450","28.80","29.25","28.80","29.00","0.0000","5953"
"2002A","中鋼特","7000","323300","46.30","46.30","45.95","46.30","0.0000","6"
"2006","東和鋼鐵","1265000","66427100","53.20","53.20","52.10","52.20","-0.8000","819"
"2007","燁興","796000","8203900","10.50","10.55","10.15","10.20","-0.2000","353"
"2008","高興昌","18000","304750","16.95","17.05","16.90","17.05","0.0500","9"
"2009","第一銅","2074000","63629450","31.00","31.40","30.20","30.60","-0.4000","1244"
"2010","春源","322000","5034100","15.85","15.90","15.50","15.55","-0.1500","214"
"2012","春雨","52000","1192100","23.35","23.35","22.85","22.95","0.0000","42"
"2013","中鋼構","98000","5616500","57.40","58.00","56.90","57.10","-0.3000","86"
"2014","中鴻","9976000","240136200","24.25","24.40","23.75","23.85","-0.3000","3904"
"2015","豐興","230000","15467600","67.80","68.20","66.50","67.30","-0.6000","144"
"2017","官田鋼","313000","4163400","13.35","13.50","13.15","13.25","-0.1000","171"
"2020","美亞","106000","2432950","23.05","23.15","22.80","22.85","-0.2000","77"
"2022","聚亨","891000","7270160","8.21","8.29","8.05","8.13","-0.1600","435"
"2023","燁輝","2360000","35715650","15.10","15.30","15.00","15.05","0.0500","924"
"2024","志聯","20000","358700","17.90","18.00","17.85","17.85","-0.2500","14"
"2025","千興","112000","537420","4.78","4.86","4.76","4.80","0.0000","37"
"2027","大成鋼","18212000","785300950","43.15","43.55","42.60","43.10","0.3000","9555"
"2028","威致","461000","11658450","25.25","25.80","25.00","25.20","-0.0500","241"
"2029","盛餘","354000","8381850","23.80","24.00","23.50","23.70","-0.1000","206"
"2030","彰源","3119000","71653050","22.95","23.40","22.50","22.60","0.0000","1278"
"2031","新光鋼","2746000","106726750","39.05","39.90","37.85","37.85","-0.9000","1512"
"2032","新鋼","401000","7477400","18.45","19.00","18.35","18.45","-0.1500","208"
"2033","佳大","87000","1181150","13.70","13.85","13.50","13.50","-0.2000","55"
"2034","允強","1168000","33018950","28.35","28.70","27.95","27.95","-0.1500","567"
"2038","海光","883000","17857200","20.20","20.60","19.90","19.90","-0.3000","419"
"2049","上銀","1716000","316691000","187.00","187.00","182.50","184.00","-5.0000","1296"
"2059","川湖","630000","251886000","407.00","407.00","395.00","398.50","-8.5000","568"
"2062","橋椿","374000","8286750","22.35","22.35","21.95","22.15","-0.1500","230"
"2069","運錩","315000","6254350","19.80","20.15","19.70","19.70","-0.2000","173"
"2101","南港","535000","18553500","35.00","35.15","34.50","34.50","-0.4500","261"
"2102","泰豐","465000","9739100","21.00","21.20","20.80","20.95","0.0500","227"
"2103","台橡","1222000","33441950","27.45","27.65","27.15","27.20","-0.2500","465"
"2104","國際中橡","2988000","61594100","20.65","20.80","20.45","20.55","-0.1500","665"
"2105","正新","2309000","79878700","34.60","34.85","34.50","34.50","-0.2500","1138"
"2106","建大","603000","18645450","31.20","31.25","30.70","30.75","-0.3500","391"
"2107","厚生","122000","2675750","21.90","22.05","21.80","21.90","0.0500","70"
"2108","南帝","1193000","44022150","37.50","37.50","36.55","36.95","-0.6000","658"
"2109","華豐","37000","546300","14.80","14.80","14.75","14.75","0.0000","20"
"2114","鑫永銓","16000","1590200","97.70","99.90","97.70","99.80","0.1000","16"
"2115","六暉-KY","49000","1441300","29.90","29.90","29.30","29.55","-0.6000","28"
"2201","裕隆","34900000","2236564700","64.80","65.80","63.00","63.40","-1.5000","13357"
"2204","中華","3079000","167920200","54.70","55.40","53.70","55.00","-0.1000","1298"
"2206","三陽工業","3221000","119873700","36.80","37.70","36.70","37.15","0.3500","1842"
"2207","和泰車","250000","157366000","626.00","636.00","623.00","634.00","0.0000","200"
"2208","台船","3733000","73487250","19.65","19.95","19.30","19.65","0.1000","1615"
"2211","長榮鋼","202000","10476600","52.00","52.20","51.60","51.60","-0.6000","146"
"2227","裕日車","36000","7220000","206.00","206.00","199.50","200.50","-5.5000","33"
"2228","劍麟","202000","16373200","81.50","82.60","80.00","80.90","-0.7000","170"
"2231","為升","1819000","267167000","152.00","152.00","143.50","143.50","-9.0000","1352"
"2233","宇隆","128000","12611400","98.50","99.10","98.10","99.10","0.6000","97"
"2236","百達-KY","280000","6216000","22.20","22.20","22.20","22.20","2.0000","102"
"2239","英利-KY","66000","4209500","64.30","64.60","63.20","63.60","0.0000","64"
"2241","艾姆勒","45000","1452400","32.50","32.50","32.10","32.25","-0.2500","33"
"2243","宏旭-KY","25000","318650","12.70","12.85","12.60","12.80","0.1000","20"
"2247","汎德永業","36000","7705000","216.50","216.50","212.00","214.00","-2.0000","33"
"2250","IKKA-KY","71000","5178700","73.40","73.50","71.70","73.50","0.4000","65"
"2301","光寶科","17344000","1099064000","65.20","65.30","62.60","62.60","-3.2000","9325"
"2302","麗正","875000","15696650","18.30","18.40","17.60","17.65","-0.6500","436"
"2303","聯電","74749000","3289150050","44.00","44.75","43.65","43.65","-0.8500","25436"
"2305","全友","1737000","47961900","28.05","28.25","27.00","27.35","-0.7500","934"
"2308","台達電","6702000","1975928500","299.00","299.00","291.50","294.50","-6.5000","4310"
"2312","金寶","8927000","127649500","14.25","14.50","14.10","14.25","-0.1500","2350"
"2313","華通","24840000","1244335500","51.00","51.70","49.10","49.10","-2.0000","11162"
"2314","台揚","1549000","64066950","41.80","42.55","40.50","41.00","-1.3000","1052"
"2316","楠梓電","213000","5660850","26.60","27.00","26.40","26.50","-0.2500","106"
"2317","鴻海","44478000","4568684500","102.50","104.00","102.00","102.00","-1.0000","18481"
"2321","東訊","190000","1231310","6.50","6.53","6.38","6.50","0.5000","71"
"2323","中環","8916000","70542300","7.92","8.07","7.81","7.83","-0.0500","2071"
"2324","仁寶","12764000","275203750","21.45","21.75","21.35","21.65","-0.0500","5166"
"2327","國巨","3605000","1744590500","491.00","492.50","477.00","484.50","-6.5000","2846"
"2328","廣宇","21734000","863548550","41.15","41.30","38.50","38.50","-2.2500","10224"
"2329","華泰","2451000","45266650","18.70","18.85","18.25","18.30","-0.4000","1120"
"2330","台積電","36310000","17377777000","477.00","485.50","475.00","475.00","-3.0000","18361"
"2331","精英","1317000","28396750","21.70","21.90","21.35","21.55","-0.1500","600"
"2332","友訊","796000","11731150","14.80","15.00","14.60","14.65","-0.1500","354"
"2337","旺宏","12093000","411942150","34.15","34.40","33.80","33.80","-0.7000","6336"
"2338","光罩","14110000","1328903500","96.00","96.30","92.40","92.60","-3.2000","8126"
"2340","台亞","3217000","119682250","37.75","38.00","36.85","36.85","-1.0000","1812"
"2342","茂矽","1130000","46209050","41.35","41.70","40.15","40.50","-0.8500","716"
"2344","華邦電","18337000","387791250","21.15","21.40","21.00","21.10","-0.1000","4912"
"2345","智邦","3763000","947612000","259.00","259.00","248.00","248.50","-11.5000","2647"
"2347","聯強","4488000","267749000","59.50","60.00","59.10","59.50","-0.5000","2395"
"2348","海悅","97000","6318200","64.60","65.80","64.50","64.70","-0.9000","81"
"2348A","海悅甲特","2000","71250","35.65","35.65","35.60","35.60","0.1000","2"
"2349","錸德","4342000","35629470","8.05","8.38","8.05","8.13","0.1700","1420"
"2351","順德","1432000","150885000","105.50","107.50","103.50","105.00","-1.0000","941"
"2352","佳世達","6632000","182468550","27.40","27.90","27.30","27.35","-0.0500","2663"
"2353","宏碁","8983000","210534050","23.40","23.65","23.25","23.35","-0.1000","3215"
"2354","鴻準","3819000","201114600","53.00","53.20","52.10","52.80","-0.4000","2206"
"2355","敬鵬","1264000","39227400","31.40","31.75","30.70","30.90","-0.7000","578"
"2356","英業達","7283000","176308300","24.15","24.35","24.00","24.25","-0.1000","2507"
"2357","華碩","2836000","775179500","275.00","275.50","271.50","272.00","-5.5000","2191"
"2358","廷鑫","3996000","60400450","15.75","15.75","14.70","14.80","-0.7500","1881"
"2359","所羅門","15177000","415008900","27.75","27.75","26.80","27.30","0.6000","7501"
"2360","致茂","766000","144397000","190.00","192.50","185.00","189.00","0.5000","666"
"2362","藍天","161000","5050000","31.55","31.65","31.25","31.30","-0.2000","106"
"2363","矽統","2156000","36154150","16.85","17.05","16.55","16.70","-0.2500","910"
"2364","倫飛","1615000","188574500","120.50","120.50","114.00","115.50","-5.5000","1262"
"2365","昆盈","207000","2077050","10.05","10.15","10.00","10.00","-0.0500","89"
"2367","燿華","18267000","356015250","20.05","20.05","18.95","19.35","-0.4000","6321"
"2368","金像電","7207000","688835200","97.10","97.60","94.00","95.50","-2.4000","4724"
"2369","菱生","733000","10390350","14.30","14.50","13.95","14.05","-0.3000","344"
"2371","大同","31105000","1047443600","32.85","34.00","32.80","34.00","1.2000","10688"
"2373","震旦行","42000","3281800","78.20","78.30","78.00","78.10","-0.1000","41"
"2374","佳能","562000","12317500","21.95","22.30","21.65","21.70","-0.3000","327"
"2375","凱美","730000","44109800","61.40","61.90","59.40","59.40","-1.9000","487"
"2376","技嘉","9907000","997360700","102.50","102.50","99.40","101.00","-2.5000","5855"
"2377","微星","5362000","636246500","121.00","121.00","116.50","119.00","-2.5000","3360"
"2379","瑞昱","4826000","1454575500","305.50","307.50","297.00","297.50","-8.0000","3643"
"2380","虹光","1327000","17578750","13.05","13.80","13.00","13.15","0.2000","524"
"2382","廣達","6632000","475034500","71.90","72.10","71.30","71.50","-1.0000","3811"
"2383","台光電","3765000","695457000","188.00","189.00","181.00","186.50","-3.0000","3143"
"2385","群光","2024000","169696200","83.50","84.50","82.90","84.10","0.5000","1448"
"2387","精元","1191000","47596250","40.80","40.80","39.45","39.45","-1.5500","522"
"2388","威盛","11343000","804917500","71.80","72.30","69.70","70.20","-1.5000","6910"
"2390","云辰","1744000","24137050","14.25","14.25","13.55","13.65","-0.6000","899"
"2392","正崴","2393000","93072500","39.40","39.60","38.45","38.85","-0.5500","1334"
"2393","億光","442000","16598550","37.00","38.15","37.00","37.70","0.0000","299"
"2395","研華","694000","229324500","326.50","332.50","324.50","331.50","4.5000","577"
"2397","友通","36000","2115400","58.90","59.10","58.30","58.30","-0.6000","26"
"2399","映泰","1096000","14963250","14.00","14.05","13.45","13.55","-0.3500","594"
"2401","凌陽","1910000","46779100","24.60","24.80","24.20","24.20","-0.4000","1101"
"2402","毅嘉","6025000","115337300","19.25","19.60","18.70","19.10","0.0500","2597"
"2404","漢唐","1650000","311983500","188.00","192.00","186.00","187.00","0.5000","1258"
"2405","輔信","2132000","26954650","12.75","12.80","12.50","12.60","-0.1500","788"
"2406","國碩","2618000","51283450","19.90","20.10","19.20","19.60","-0.4000","1244"
"2408","南亞科","8617000","463879300","54.20","54.50","53.50","53.50","-0.8000","4207"
"2409","友達","48781000","772280950","15.90","16.05","15.65","15.65","-0.3500","12060"
"2412","中華電","9557000","1074482500","112.00","113.00","111.50","112.50","0.5000","3342"
"2413","環科","3590000","102086850","28.40","29.10","27.80","28.25","-0.1500","1803"
"2414","精技","89000","2726800","30.80","30.80","30.50","30.55","-0.3500","71"
"2415","錩新","162000","3726550","23.65","23.65","22.70","23.00","-0.5000","87"
"2417","圓剛","546000","12373600","22.90","23.00","22.40","22.55","-0.3500","262"
"2419","仲琦","3230000","85876000","27.10","27.30","26.15","26.25","-0.8500","1720"
"2420","新巨","144000","5675900","39.20","39.65","39.20","39.30","-0.2000","76"
"2421","建準","9029000","405365900","47.20","47.20","43.80","43.85","-4.3000","5114"
"2423","固緯","206000","5464100","26.55","26.70","26.20","26.55","-0.1500","135"
"2424","隴華","3000","59600","19.90","19.90","19.80","19.90","-0.5000","3"
"2425","承啟","781000","21556150","27.55","27.95","27.25","27.25","-0.4500","316"
"2426","鼎元","438000","7797000","18.10","18.10","17.60","17.65","-0.2500","215"
"2427","三商電","373000","4369800","11.85","11.95","11.60","11.80","-0.1000","149"
"2428","興勤","212000","25312000","121.00","121.50","118.00","118.00","-3.0000","185"
"2429","銘旺科","7000","72450","10.30","10.50","10.30","10.45","-0.3000","5"
"2430","燦坤","30000","1272800","42.40","42.80","42.30","42.30","-0.3500","24"
"2431","聯昌","124000","1262850","10.25","10.30","10.10","10.15","-0.1000","70"
"2433","互盛電","13000","628050","48.60","48.60","48.20","48.20","-0.4000","11"
"2434","統懋","6000","173400","29.90","29.90","28.60","28.60","-0.4000","6"
"2436","偉詮電","1673000","77258500","46.80","47.25","45.60","45.60","-1.5000","1180"
"2438","翔耀","15000","198150","13.20","13.30","13.20","13.30","0.1000","13"
"2439","美律","1438000","116754100","81.70","81.90","80.70","81.00","-0.4000","1027"
"2440","太空梭","107000","1343450","12.70","12.80","12.40","12.45","-0.2000","77"
"2441","超豐","2123000","103800850","49.70","49.70","48.40","48.55","-1.3000","1479"
"2442","新美齊","1046000","14071100","13.60","13.75","13.25","13.55","-0.1500","444"
"2443","昶虹","48000","135020","2.81","2.88","2.81","2.88","0.0700","13"
"2444","兆勁","950000","13048850","14.00","14.10","13.20","13.65","-0.5000","391"
"2449","京元電子","5503000","194321450","35.75","35.75","34.90","35.10","-0.6500","3131"
"2450","神腦","66000","2048500","31.10","31.15","30.90","30.95","-0.1500","34"
"2451","創見","283000","18809700","66.50","66.80","66.20","66.80","-0.4000","209"
"2453","凌群","98000","2446400","25.00","25.15","24.80","24.90","-0.3500","74"
"2454","聯發科","5227000","3759515000","717.00","728.00","713.00","716.00","-9.0000","3732"
"2455","全新","2616000","191428200","74.50","75.00","72.00","72.20","-2.8000","1831"
"2457","飛宏","9230000","371861000","41.30","41.30","39.50","39.75","-1.9000","4905"
"2458","義隆","1736000","152575000","89.10","89.30","87.10","87.60","-1.5000","1196"
"2459","敦吉","48000","2513300","52.50","52.60","52.00","52.60","-0.1000","45"
"2460","建通","353000","6117450","17.55","17.85","17.05","17.25","-0.4500","203"
"2461","光群雷","428000","8114650","19.00","19.20","18.70","18.75","-0.2000","218"
"2462","良得電","186000","5160500","27.75","28.00","27.60","27.60","-0.3500","114"
"2464","盟立","113000","4258000","37.80","38.00","37.55","37.65","-0.0500","92"
"2465","麗臺","1381000","51258800","38.00","38.00","36.40","36.85","-0.8000","921"
"2466","冠西電","60000","2101900","35.35","35.40","34.35","34.40","0.0000","42"
"2467","志聖","60000","2712350","45.40","45.40","45.05","45.40","-0.1000","57"
"2468","華經","3377000","101333850","30.35","31.00","29.35","29.50","-0.8500","1971"
"2471","資通","101000","2790000","27.55","27.80","27.45","27.60","0.0500","79"
"2472","立隆電","255000","14329100","56.70","57.20","55.60","55.80","-0.8000","200"
"2474","可成","5338000","941589500","176.50","178.00","174.00","176.50","1.5000","2885"
"2476","鉅祥","1419000","67919150","48.40","48.65","47.40","47.90","-0.5000","798"
"2477","美隆電","115000","2374150","20.75","20.80","20.55","20.80","-0.1500","92"
"2478","大毅","183000","8284650","45.65","46.00","44.80","45.10","-0.5500","142"
"2480","敦陽科","124000","10082000","82.00","82.00","81.00","81.10","-0.5000","102"
"2481","強茂","3391000","212597400","62.70","64.20","61.80","62.10","-1.4000","2251"
"2482","連宇","3180000","83268400","26.70","26.70","25.50","26.35","-0.2000","1283"
"2483","百容","646000","16371500","25.90","25.90","25.00","25.10","-0.8500","399"
"2484","希華","1668000","60663000","36.70","37.10","35.90","35.90","-0.8000","1029"
"2485","兆赫","713000","12765850","18.15","18.30","17.70","17.70","-0.4500","351"
"2486","一詮","13801000","334820500","25.20","25.65","23.35","23.45","-2.1000","5477"
"2488","漢平","117000","3394100","29.15","29.15","28.90","29.00","-0.1500","93"
"2489","瑞軒","2073000","20790990","10.10","10.15","9.97","10.00","-0.1500","741"
"2491","吉祥全","46000","576450","12.50","12.55","12.50","12.50","-0.2000","32"
"2492","華新科","2161000","181402000","85.20","85.80","82.90","83.40","-2.4000","1327"
"2493","揚博","139000","5967450","42.80","43.20","42.70","42.90","0.0000","87"
"2495","普安","4397000","88928250","20.45","20.75","19.65","20.15","-0.2500","1806"
"2496","卓越","14000","659050","47.10","47.15","47.00","47.05","-0.1000","10"
"2497","怡利電","15606000","1319110000","88.00","88.00","81.80","82.00","-3.4000","9309"
"2498","宏達電","38561000","2281512800","60.80","60.90","57.70","58.00","-1.9000","18713"
"2501","國建","328000","5028200","15.30","15.40","15.30","15.30","0.0000","167"
"2504","國產","917000","22851850","25.00","25.15","24.75","25.00","0.0500","410"
"2505","國揚","132000","2498650","19.20","19.20","18.85","19.05","-0.1500","82"
"2506","太設","163000","1536580","9.45","9.47","9.41","9.41","-0.0400","70"
"2509","全坤建","42000","615900","14.90","14.90","14.55","14.55","-0.3500","24"
"2511","太子","300000","3188150","10.60","10.70","10.60","10.70","0.1000","153"
"2514","龍邦","343000","6129200","18.15","18.15","17.65","17.65","-0.4000","213"
"2515","中工","2240000","18369310","8.25","8.29","8.15","8.17","-0.0500","708"
"2516","新建","111000","554550","5.06","5.06","4.98","4.98","-0.0800","43"
"2520","冠德","1035000","28410650","27.75","27.80","27.20","27.50","-0.2500","587"
"2524","京城","22000","749850","34.15","34.15","34.00","34.00","-0.4500","20"
"2527","宏璟","60000","1287200","21.55","21.60","21.35","21.35","-0.2000","42"
"2528","皇普","154000","2480450","16.50","16.50","15.85","16.10","-0.3000","82"
"2530","華建","1251000","22449700","18.15","18.30","17.80","18.05","-0.0500","472"
"2534","宏盛","774000","19623350","25.35","25.55","25.15","25.55","0.4000","516"
"2535","達欣工","271000","8122000","30.10","30.10","29.90","29.95","-0.1500","198"
"2536","宏普","87000","1960750","22.55","22.60","22.50","22.60","-0.1000","69"
"2537","聯上發","562000","4018410","7.19","7.22","7.09","7.12","-0.0600","223"
"2538","基泰","473000","5726800","12.15","12.20","12.00","12.10","-0.1000","209"
"2539","櫻花建","287000","9121050","31.85","31.90","31.70","31.75","-0.1000","166"
"2540","愛山林","86000","6293200","72.90","73.70","72.00","73.50","0.0000","71"
"2542","興富發","6312000","278581300","43.70","44.45","43.55","44.35","0.4000","3361"
"2543","皇昌","88000","773860","8.79","8.84","8.71","8.83","-0.0100","38"
"2545","皇翔","250000","10472350","42.05","42.15","41.70","41.75","-0.3500","180"
"2546","根基","39000","1944000","50.00","50.00","49.65","49.70","-0.1500","22"
"2547","日勝生","3908000","36148680","9.15","9.34","9.10","9.24","0.1100","586"
"2548","華固","180000","15859100","87.70","88.50","87.60","88.20","0.5000","133"
"2597","潤弘","124000","14403500","116.00","117.50","115.00","117.00","0.5000","94"
"2601","益航","2478000","22168510","8.93","9.07","8.81","8.88","-0.0300","1191"
"2603","長榮","22701000","3446938500","151.00","154.50","149.50","151.50","-1.0000","9977"
"2605","新興","2524000","48302200","19.10","19.50","18.85","18.90","-0.2500","1082"
"2606","裕民","7273000","331148550","45.00","46.35","44.90","45.30","0.3000","4219"
"2607","榮運","2792000","77731200","27.95","28.30","27.55","27.70","-0.3000","1408"
"2608","嘉里大榮","165000","6131400","37.25","37.40","36.90","37.35","0.2000","130"
"2609","陽明","33556000","2057214100","61.50","62.30","60.70","60.90","-0.8000","16997"
"2610","華航","116173000","2234583900","19.00","19.50","18.80","19.30","0.3500","29461"
"2611","志信","1458000","20162350","13.90","14.30","13.50","13.60","-0.2000","685"
"2612","中航","363000","13006250","36.00","36.60","35.00","35.55","-0.4500","278"
"2613","中櫃","479000","10735600","22.45","23.00","22.05","22.25","0.0000","255"
"2614","東森","33603000","767378050","23.20","23.20","22.40","22.75","-1.0000","10473"
"2615","萬海","12708000","887746800","70.50","71.50","68.60","69.10","-1.5000","7388"
"2616","山隆","32000","1032900","32.40","32.40","32.25","32.25","-0.1500","24"
"2617","台航","998000","25672400","25.85","26.15","25.40","25.65","-0.2000","506"
"2618","長榮航","48140000","1343203550","27.75","28.30","27.35","28.00","0.2000","14954"
"2630","亞航","74000","1263350","17.10","17.15","17.00","17.00","-0.1500","45"
"2633","台灣高鐵","3849000","108991250","28.30","28.45","28.20","28.30","0.0000","818"
"2634","漢翔","40215000","1438280350","36.30","37.00","34.35","35.85","0.2500","16956"
"2636","台驊投控","1870000","139594600","74.40","75.90","73.80","74.00","-0.5000","610"
"2637","慧洋-KY","10012000","591175900","58.20","60.40","58.10","58.20","0.3000","6083"
"2642","宅配通","186000","8714200","47.00","47.45","46.10","46.65","-0.8000","153"
"2701","萬企","41000","499700","12.30","12.30","12.15","12.15","-0.1000","26"
"2702","華園","624000","14121150","22.80","23.10","22.15","22.70","-0.0500","300"
"2704","國賓","59000","1837350","31.20","31.25","31.05","31.20","-0.1500","32"
"2705","六福","170000","2805800","16.60","16.60","16.35","16.55","0.0000","108"
"2706","第一店","253000","3604950","14.30","14.30","14.15","14.30","0.0000","71"
"2707","晶華","1676000","417412000","252.00","252.00","245.00","250.00","-4.0000","1276"
"2712","遠雄來","17000","556850","33.40","33.40","32.50","32.90","-0.1000","14"
"2722","夏都","146000","5114200","34.90","35.50","34.40","35.00","0.2000","100"
"2723","美食-KY","2971000","402616000","137.00","137.50","133.00","136.00","-1.5000","1832"
"2727","王品","839000","136998000","165.00","165.50","161.00","163.50","-2.5000","669"
"2731","雄獅","844000","83847600","99.20","101.00","97.20","99.20","0.2000","613"
"2739","寒舍","35000","1004050","29.00","29.00","28.50","28.95","-0.0500","33"
"2748","雲品","1644000","92746200","56.80","58.70","54.80","55.30","-1.1000","1223"
"2753","八方雲集","1005000","210510500","211.50","214.00","204.00","209.50","-3.0000","750"
"2801","彰銀","19452000","339742950","17.35","17.55","17.20","17.50","0.3000","2464"
"2809","京城銀","1217000","42089000","34.40","34.80","34.25","34.75","0.5000","1063"
"2812","台中銀","3576000","46680050","13.05","13.10","13.00","13.00","0.0000","875"
"2816","旺旺保","26000","403200","15.45","15.55","15.45","15.50","-0.0500","13"
"2820","華票","388000","5735400","14.80","14.85","14.75","14.75","-0.0500","247"
"2832","台產","210000","4306250","20.50","20.60","20.45","20.50","-0.1000","92"
"2834","臺企銀","70857000","921556150","12.85","13.10","12.80","13.05","0.2000","9034"
"2836","高雄銀","433000","5466100","12.55","12.75","12.55","12.60","0.0500","238"
"2836A","高雄銀甲特","","","","","","","0.0000",""
"2838","聯邦銀","940000","15107100","16.00","16.20","15.95","16.15","0.2500","298"
"2838A","聯邦銀甲特","38000","1944100","51.10","51.20","51.00","51.20","0.1000","16"
"2845","遠東銀","4215000","46091350","10.90","11.00","10.85","10.90","0.0000","795"
"2849","安泰銀","53000","775700","14.75","14.75","14.60","14.60","-0.1500","30"
"2850","新產","93000","4541100","48.80","49.25","48.55","48.85","-0.1000","67"
"2851","中再保","736000","14001200","19.10","19.15","18.95","19.00","-0.1500","322"
"2852","第一保","115000","1821150","15.90","15.90","15.80","15.80","-0.1000","56"
"2855","統一證","824000","13441550","16.25","16.45","16.20","16.30","-0.2000","427"
"2867","三商壽","21135000","129504230","6.04","6.18","6.03","6.12","0.0800","3299"
"2880","華南金","14159000","319111550","22.10","22.65","22.05","22.60","0.5500","3131"
"2881","富邦金","12440000","725620500","58.00","58.80","57.80","58.20","-0.2000","5276"
"2881A","富邦特","82000","4984500","60.80","60.90","60.60","60.80","0.0000","32"
"2881B","富邦金乙特","16000","921700","57.70","57.70","57.50","57.70","0.2000","9"
"2881C","富邦金丙特","2000","109700","54.70","55.00","54.70","55.00","0.3000","2"
"2882","國泰金","31906000","1326669650","41.40","42.10","41.25","41.40","0.0000","9424"
"2882A","國泰特","148000","8358100","56.50","56.50","56.40","56.50","0.0000","71"
"2882B","國泰金乙特","106000","5840300","55.20","55.30","55.00","55.20","-0.2000","50"
"2883","開發金","37678000","494421400","12.95","13.30","12.95","13.05","-0.1000","6441"
"2883B","開發金乙特","1813000","13821660","7.62","7.64","7.61","7.63","0.0000","181"
"2884","玉山金","34207000","834080900","24.20","24.50","24.05","24.40","0.2000","6535"
"2885","元大金","19278000","434613400","22.35","22.65","22.30","22.60","0.1000","4155"
"2886","兆豐金","17855000","554035100","30.90","31.25","30.85","30.95","0.0000","4249"
"2887","台新金","20848000","313531850","14.70","15.15","14.70","15.10","0.4500","4702"
"2887E","台新戊特","90000","4509100","50.10","50.30","50.00","50.10","0.0000","28"
"2887F","台新戊特二","128000","5850350","46.00","46.00","45.10","45.50","-0.5000","70"
"2887Z1","台新己特","5368000","86979850","16.45","16.50","16.20","16.45","0.0000","73"
"2888","新光金","24631000","216333230","8.74","8.84","8.71","8.77","0.0000","3270"
"2888A","新光金甲特","62000","2207000","35.75","35.75","35.55","35.75","0.0500","59"
"2888B","新光金乙特","100000","3578900","35.75","35.80","35.75","35.80","0.0500","41"
"2889","國票金","11175000","127402300","11.35","11.50","11.35","11.40","0.0500","1487"
"2890","永豐金","26526000","476218200","17.95","18.05","17.80","17.90","0.0500","6053"
"2891","中信金","64098000","1476529500","22.45","23.20","22.45","23.05","0.6500","16938"
"2891B","中信金乙特","37000","2182000","58.90","59.20","58.70","59.20","0.1000","31"
"2891C","中信金丙特","13000","755600","58.10","58.50","58.00","58.50","0.0000","9"
"2892","第一金","18216000","477961750","26.00","26.45","25.90","26.15","0.2500","4471"
"2897","王道銀行","1729000","14726360","8.50","8.55","8.47","8.50","0.0100","418"
"2897A","王道銀甲特","6000","60000","10.00","10.00","10.00","10.00","0.0200","2"
"2901","欣欣","59000","1396050","23.75","23.75","23.45","23.50","-0.2500","25"
"2903","遠百","443000","8922050","20.10","20.20","20.05","20.20","0.1000","211"
"2904","匯僑","17000","337150","19.90","19.95","19.70","19.85","-0.1000","16"
"2905","三商","573000","8901600","15.55","15.75","15.40","15.50","-0.0500","292"
"2906","高林","2372000","42189600","17.95","18.20","17.35","17.60","-0.2500","1014"
"2908","特力","41000","819100","20.00","20.05","19.90","19.90","-0.1000","29"
"2910","統領","16000","528450","33.30","33.30","32.95","32.95","-0.3500","13"
"2911","麗嬰房","213000","1374390","6.41","6.55","6.40","6.55","0.1400","101"
"2912","統一超","1777000","479109500","265.00","272.00","265.00","271.00","6.0000","1165"
"2913","農林","5247000","126772150","23.65","24.50","23.65","23.75","0.2500","2464"
"2915","潤泰全","7507000","534891700","70.00","72.50","69.70","71.30","1.3000","4780"
"2923","鼎固-KY","3000","68200","22.70","22.80","22.70","22.80","0.1000","3"
"2929","淘帝-KY","8586000","116193850","12.65","13.85","12.65","12.95","0.3500","2464"
"2939","凱羿-KY","270000","10841800","39.80","40.70","39.70","39.95","0.2000","170"
"2945","三商家購","108000","4918900","43.80","46.50","43.80","46.05","2.9500","88"
"3002","歐格","103000","1231750","12.00","12.15","11.85","12.00","0.0000","72"
"3003","健和興","536000","38757100","72.70","73.50","71.60","72.00","-1.0000","400"
"3004","豐達科","288000","20336800","69.30","72.50","69.30","70.50","0.0000","167"
"3005","神基","1751000","73673550","42.45","42.55","41.70","42.15","-0.3000","781"
"3006","晶豪科","7112000","502268400","71.90","72.20","69.50","69.50","-3.0000","4675"
"3008","大立光","794000","1811530000","2290.00","2320.00","2250.00","2260.00","-30.0000","727"
"3010","華立","262000","22504200","86.00","86.50","85.00","86.20","-0.5000","199"
"3011","今皓","271000","4356400","16.15","16.35","15.95","15.95","-0.2500","120"
"3013","晟銘電","367000","5901000","16.25","16.40","15.80","16.05","-0.1500","250"
"3014","聯陽","435000","30509400","70.40","71.40","69.50","69.70","-1.4000","327"
"3015","全漢","84000","3229300","38.45","38.70","38.25","38.50","-0.3000","73"
"3016","嘉晶","823000","63840800","78.70","79.50","76.50","76.50","-2.5000","668"
"3017","奇鋐","20582000","2389082000","124.00","124.50","112.00","112.50","-11.5000","10655"
"3019","亞光","925000","59220200","64.00","65.10","63.00","63.30","-1.1000","680"
"3021","鴻名","378000","7675450","20.60","20.80","20.10","20.20","-0.6000","241"
"3022","威強電","2288000","171575200","75.50","76.40","73.70","74.90","-1.1000","1490"
"3023","信邦","378000","101854500","274.50","274.50","268.00","268.00","-5.5000","318"
"3024","憶聲","2748000","37836650","13.50","14.05","13.45","13.70","0.2500","754"
"3025","星通","3316000","74309400","23.30","23.30","22.15","22.15","-2.4500","1539"
"3026","禾伸堂","339000","30234100","90.50","90.50","88.20","88.80","-2.0000","268"
"3027","盛達","31277000","1083640750","34.30","36.00","33.40","34.45","0.5500","14750"
"3028","增你強","207000","5846000","28.20","28.45","28.10","28.35","-0.1000","168"
"3029","零壹","141000","5639250","40.00","40.20","39.80","39.95","-0.1000","117"
"3030","德律","705000","46159300","65.50","66.00","65.20","65.20","-0.8000","365"
"3031","佰鴻","67000","1049800","15.70","15.85","15.50","15.55","-0.1500","46"
"3032","偉訓","106000","3104700","29.30","29.40","29.15","29.25","-0.2500","61"
"3033","威健","1354000","36022100","26.70","26.90","26.45","26.55","-0.3000","778"
"3034","聯詠","9454000","2852362500","296.00","305.00","296.00","305.00","6.5000","7122"
"3035","智原","13999000","2406148000","175.50","176.50","167.00","170.00","-5.5000","9504"
"3036","文曄","1300000","81222900","62.70","62.90","62.10","62.30","-0.2000","870"
"3036A","文曄甲特","22000","1055450","47.95","48.00","47.90","47.90","-0.0500","12"
"3037","欣興","65956000","10154472000","161.50","161.50","149.50","150.00","-13.0000","36597"
"3038","全台","1527000","31299100","20.75","20.80","20.30","20.45","-0.3000","592"
"3040","遠見","8000","238250","30.10","30.10","29.60","29.65","-0.4000","8"
"3041","揚智","847000","17880350","21.35","21.60","20.85","20.90","-0.5500","386"
"3042","晶技","1033000","85615900","82.50","83.40","82.00","83.30","0.3000","666"
"3043","科風","1302000","8701340","6.70","6.81","6.60","6.64","0.1200","310"
"3044","健鼎","1021000","98585800","96.30","97.30","96.10","96.70","0.4000","692"
"3045","台灣大","3884000","368753200","93.80","95.40","93.60","95.40","1.9000","1861"
"3046","建碁","4329000","234952800","56.20","56.30","52.60","52.80","-3.0000","2694"
"3047","訊舟","7741000","132297150","17.35","17.50","16.80","17.00","-0.3500","2828"
"3048","益登","386000","10751650","28.15","28.15","27.75","27.80","-0.3500","273"
"3049","和鑫","1837000","17603920","9.65","9.76","9.46","9.51","-0.1500","735"
"3050","鈺德","1164000","19269200","16.80","16.80","16.45","16.60","-0.3500","362"
"3051","力特","1495000","28870950","19.50","19.95","19.00","19.05","-0.9500","708"
"3052","夆典","149000","1543900","10.35","10.40","10.30","10.40","0.0500","37"
"3054","立萬利","21000","401250","19.10","19.30","19.05","19.30","-0.1500","13"
"3055","蔚華科","77000","1916200","25.00","25.00","24.80","24.80","-0.2500","51"
"3056","總太","796000","24708000","31.15","31.35","30.75","31.00","-0.1500","456"
"3057","喬鼎","67000","678650","10.15","10.20","10.10","10.15","-0.0500","46"
"3058","立德","141000","1419350","10.15","10.20","10.00","10.10","0.0000","106"
"3059","華晶科","2802000","102107100","36.75","37.35","35.80","35.85","-0.9500","1633"
"3060","銘異","102000","1737150","17.05","17.30","16.90","17.10","0.0000","78"
"3062","建漢","22205000","583422800","25.55","27.00","25.40","26.10","0.4000","10972"
"3090","日電貿","473000","24242200","51.70","51.90","50.90","51.00","-0.7000","296"
"3092","鴻碩","1061000","41428550","38.20","39.90","38.20","38.30","0.2000","687"
"3094","聯傑","227000","5857150","26.15","26.50","25.35","25.60","-0.6000","161"
"3130","一零四","1000","200500","200.50","200.50","200.50","200.50","-0.5000","1"
"3138","耀登","500000","70993000","144.50","147.00","138.50","138.50","-4.5000","437"
"3149","正達","2427000","49300400","20.60","21.00","19.85","20.05","-0.7000","1133"
"3164","景岳","283000","6715000","23.25","24.25","23.10","23.90","0.8000","205"
"3167","大量","33000","1419800","43.80","43.80","42.85","42.95","-0.6000","20"
"3189","景碩","36841000","4589124000","129.00","129.00","121.50","121.50","-13.0000","22564"
"3209","全科","717000","25314650","35.50","35.55","35.00","35.15","-0.5000","427"
"3229","晟鈦","38000","734800","19.20","19.40","19.20","19.25","-0.1500","17"
"3231","緯創","8063000","219648850","27.40","27.40","27.10","27.30","-0.2000","3924"
"3257","虹冠電","58000","2441600","41.85","43.25","41.80","41.90","-0.2000","46"
"3266","昇陽","40000","476300","11.90","11.95","11.90","11.90","-0.0500","15"
"3296","勝德","690000","11238250","16.20","16.55","16.00","16.35","0.2000","325"
"3305","昇貿","432000","17959550","41.95","42.40","41.10","41.25","-0.9500","287"
"3308","聯德","48000","669900","13.85","14.00","13.85","14.00","0.1500","27"
"3311","閎暉","21000","699750","33.40","33.40","33.30","33.30","-0.1000","18"
"3312","弘憶股","263000","4792100","18.35","18.40","18.10","18.15","-0.2500","138"
"3321","同泰","174000","1515620","9.00","9.00","8.53","8.54","-0.4600","117"
"3338","泰碩","170000","5825200","34.30","35.30","34.00","34.00","-0.9500","122"
"3346","麗清","2365000","86092350","36.30","37.60","35.25","35.85","-0.5000","1443"
"3356","奇偶","10563000","489718050","46.15","47.80","45.15","45.15","-1.1000","6684"
"3376","新日興","229000","19058600","83.10","83.60","82.80","83.20","-0.2000","176"
"3380","明泰","1910000","59466800","31.60","31.75","30.65","30.65","-0.7000","1095"
"3406","玉晶光","3094000","1195505000","388.00","393.50","381.50","383.00","-11.5000","2489"
"3413","京鼎","693000","134613000","193.00","197.50","191.00","192.00","-0.5000","539"
"3416","融程電","82000","6703800","82.20","82.20","81.10","82.10","-0.2000","73"
"3419","譁裕","4712000","93626700","19.80","20.70","19.15","19.15","-0.7000","2263"
"3432","台端","859000","18249100","21.50","21.75","20.80","21.00","-0.5000","469"
"3437","榮創","159000","2771150","17.55","17.65","17.25","17.35","-0.1500","100"
"3443","創意","6098000","4595477000","767.00","769.00","741.00","742.00","-22.0000","4877"
"3450","聯鈞","252000","9827350","39.10","39.65","38.60","38.65","-0.8000","189"
"3454","晶睿","17157000","3677392000","210.00","221.50","207.50","210.00","0.5000","12447"
"3481","群創","49149000","593715950","12.20","12.25","11.95","11.95","-0.3000","9601"
"3494","誠研","2069000","20986980","9.97","10.60","9.64","10.60","0.6200","886"
"3501","維熹","890000","45355100","52.00","52.00","50.00","50.00","-1.8000","608"
"3504","揚明光","1888000","166551500","89.90","90.50","86.40","86.40","-2.8000","1433"
"3515","華擎","1430000","178819000","125.50","128.00","122.50","125.00","-2.5000","962"
"3518","柏騰","246000","5415550","22.85","22.85","21.40","21.75","-0.7000","133"
"3528","安馳","15000","747800","49.75","49.90","49.75","49.85","0.0000","10"
"3530","晶相光","191000","14816100","79.80","79.80","76.00","76.90","-2.4000","148"
"3532","台勝科","2129000","328472500","157.50","158.50","152.00","152.00","-5.0000","1510"
"3533","嘉澤","308000","264935000","870.00","870.00","852.00","857.00","-13.0000","296"
"3535","晶彩科","2343000","60746050","26.40","26.80","25.40","25.40","-0.9000","1150"
"3536","誠創","146000","584780","3.96","4.10","3.96","4.10","0.2000","32"
"3543","州巧","40000","786500","19.85","19.85","19.45","19.55","-0.2500","21"
"3545","敦泰","3104000","201918600","65.80","67.00","64.00","64.30","-1.8000","1962"
"3550","聯穎","114000","1590300","14.15","14.15","13.80","13.95","-0.2000","79"
"3557","嘉威","42000","2069850","49.50","49.50","49.05","49.05","-0.1500","32"
"3563","牧德","103000","14284000","140.50","141.50","137.00","137.00","-3.5000","89"
"3576","聯合再生","7015000","145091950","20.85","20.90","20.50","20.60","-0.2500","2752"
"3583","辛耘","2252000","176863100","78.20","80.90","76.00","76.00","-1.2000","1672"
"3588","通嘉","792000","48583900","62.80","63.00","60.20","60.30","-3.0000","608"
"3591","艾笛森","410000","6819800","16.80","17.10","16.35","16.35","-0.4500","224"
"3592","瑞鼎","656000","198148000","300.00","307.50","296.00","300.50","0.0000","593"
"3593","力銘","5000","68800","13.85","13.85","13.70","13.80","-0.0500","4"
"3596","智易","1975000","207899500","106.00","106.50","103.50","105.50","0.5000","1361"
"3605","宏致","364000","12185750","33.65","34.00","33.10","33.20","-0.8000","230"
"3607","谷崧","106000","1293150","12.25","12.30","12.15","12.20","-0.1500","76"
"3617","碩天","1955000","214099500","113.50","113.50","107.00","107.00","-6.5000","1325"
"3622","洋華","152000","4176000","27.70","27.80","27.15","27.45","-0.2500","115"
"3645","達邁","654000","21884650","33.80","34.25","32.95","33.45","-0.4500","326"
"3652","精聯","143000","3358300","23.35","23.95","23.00","23.50","-0.1500","90"
"3653","健策","1186000","457884000","390.00","391.50","379.00","389.00","0.0000","1057"
"3661","世芯-KY","4999000","4362869000","895.00","895.00","857.00","858.00","-36.0000","4282"
"3665","貿聯-KY","3024000","790596500","264.50","267.00","257.50","259.50","-6.0000","2347"
"3669","圓展","188000","8109950","43.20","44.00","42.60","42.90","-0.4000","142"
"3673","TPK-KY","1012000","30909150","30.70","31.00","30.25","30.45","-0.3500","527"
"3679","新至陞","81000","7836700","97.30","98.10","95.00","95.50","-2.5000","71"
"3682","亞太電","1481000","9069400","6.13","6.16","6.10","6.12","-0.0100","393"
"3686","達能","182000","2303500","12.60","12.80","12.50","12.60","0.0000","105"
"3694","海華","340000","7117550","21.60","21.60","20.60","20.75","-0.6000","183"
"3701","大眾控","906000","37412750","42.70","42.70","40.20","40.65","-1.3500","576"
"3702","大聯大","2727000","128713600","47.25","47.50","47.00","47.15","-0.4000","1772"
"3702A","大聯大甲特","22000","1060200","48.25","48.25","48.15","48.25","0.0000","18"
"3703","欣陸","1288000","37961050","29.25","29.80","29.15","29.30","0.0500","712"
"3704","合勤控","3415000","108654950","32.15","32.70","31.35","31.45","-0.9000","1969"
"3705","永信","318000","12798600","40.35","40.50","40.00","40.15","-0.3000","180"
"3706","神達","2240000","65066500","29.25","29.40","28.80","29.00","-0.2000","950"
"3708","上緯投控","2338000","229783100","100.50","100.50","96.60","96.80","-3.2000","1686"
"3711","日月光投控","16004000","1590588900","99.70","100.50","98.40","99.00","-0.7000","5483"
"3712","永崴投控","184000","4924500","27.20","27.35","26.40","26.50","-0.7000","132"
"3714","富采","2632000","122264850","46.90","47.20","45.85","46.10","-1.0000","1551"
"3715","定穎投控","1133000","19665350","17.55","17.70","17.15","17.35","-0.2000","555"
"4104","佳醫","181000","11680900","64.60","65.00","64.20","64.40","-0.4000","127"
"4106","雃博","5231000","143928100","25.20","27.85","25.20","27.85","2.5000","2323"
"4108","懷特","247000","4679900","19.00","19.15","18.60","19.05","0.2500","129"
"4119","旭富","824000","79208500","94.10","97.50","94.10","96.50","2.3000","655"
"4133","亞諾法","1137000","43993900","37.70","39.40","37.65","38.30","0.3500","797"
"4137","麗豐-KY","2444000","487993000","203.00","204.50","192.00","198.00","-4.0000","1866"
"4142","國光生","1517000","55650150","36.60","37.20","36.25","36.50","-0.1000","802"
"4148","全宇生技-KY","488000","29592400","60.70","61.90","59.70","60.00","-0.1000","369"
"4155","訊映","613000","15664400","25.55","25.80","25.35","25.55","0.0500","240"
"4164","承業醫","1093000","50341950","45.55","46.65","45.45","45.80","0.2500","642"
"4190","佐登-KY","2993000","246156800","80.90","86.50","78.50","80.90","0.7000","2275"
"4306","炎洲","753000","11216700","14.85","15.05","14.80","14.85","0.0500","277"
"4426","利勤","889000","21899750","25.05","25.35","24.25","24.25","-0.9000","455"
"4438","廣越","180000","21724500","122.00","122.00","120.00","120.50","-1.5000","152"
"4439","冠星-KY","25000","2534000","101.50","101.50","101.00","101.50","0.0000","19"
"4440","宜新實業","46000","1550700","33.80","34.00","33.45","33.90","0.1500","36"
"4526","東台","111000","1621900","14.60","14.70","14.55","14.65","0.0500","49"
"4532","瑞智","350000","5769500","16.50","16.65","16.40","16.40","-0.1000","188"
"4536","拓凱","5039000","1022604000","195.00","209.50","194.00","201.00","6.0000","3646"
"4540","全球傳動","83000","3143950","39.45","39.45","37.20","37.65","-0.5000","74"
"4545","銘鈺","27000","752150","27.90","28.00","27.80","27.90","-0.2500","21"
"4551","智伸科","557000","85507500","156.00","156.00","151.00","153.00","-3.0000","443"
"4552","力達-KY","53000","1562350","29.40","29.70","29.40","29.40","-0.1000","37"
"4555","氣立","10000","504100","50.30","50.60","50.20","50.60","0.0000","9"
"4557","永新-KY","88000","8946500","102.00","103.00","101.00","101.00","-1.0000","77"
"4560","強信-KY","40000","1540900","38.85","38.85","38.35","38.50","-0.3000","32"
"4562","穎漢","119000","1891750","15.90","16.05","15.80","15.85","-0.2500","87"
"4564","元翎","183000","4576950","25.00","25.50","24.65","24.90","-0.2000","116"
"4566","時碩工業","1511000","82842900","55.80","56.40","54.00","54.30","-1.4000","854"
"4571","鈞興-KY","11000","830800","76.00","76.00","75.10","75.60","0.0000","11"
"4572","駐龍","904000","115587000","128.00","130.00","125.00","125.50","-0.5000","683"
"4576","大銀微系統","116000","8348400","73.10","74.50","70.50","71.60","-2.6000","105"
"4581","光隆精密-KY","3000","99950","33.30","33.35","33.30","33.30","0.1500","3"
"4583","台灣精銳","7000","1317000","188.50","188.50","188.00","188.00","-2.5000","6"
"4720","德淵","288000","4208800","14.70","14.85","14.40","14.40","-0.5000","162"
"4722","國精化","36000","1234150","34.35","34.40","34.20","34.40","-0.1500","30"
"4737","華廣","52000","4044700","77.60","78.10","77.50","77.50","-0.4000","36"
"4739","康普","1437000","145107500","101.00","102.50","100.00","100.00","-1.0000","1032"
"4746","台耀","6283000","421011300","70.00","70.20","64.20","65.70","-3.3000","3631"
"4755","三福化","1748000","229114000","132.50","135.00","126.50","128.00","-4.0000","1348"
"4763","材料-KY","2619000","440666000","163.00","173.00","163.00","165.50","1.0000","1824"
"4764","雙鍵","9000","473500","53.30","53.30","52.00","52.00","-1.0000","9"
"4766","南寶","53000","7100500","134.50","135.00","133.50","134.50","0.0000","50"
"4770","上品","2737000","879294500","330.50","334.50","310.00","310.00","-12.0000","2286"
"4807","日成-KY","9000","194050","21.55","21.75","21.50","21.75","-0.1000","8"
"4904","遠傳","5274000","355230900","66.60","67.90","66.60","67.40","0.6000","2543"
"4906","正文","1411000","39561250","28.10","28.40","27.80","28.00","-0.1500","743"
"4912","聯德控股-KY","30000","2437000","81.60","82.10","80.50","81.20","-0.9000","30"
"4915","致伸","4833000","277421800","57.20","58.10","56.70","57.20","0.0000","2713"
"4916","事欣科","1737000","47163750","27.70","28.00","26.65","26.75","-1.2500","1087"
"4919","新唐","7473000","900078000","123.50","123.50","118.00","118.50","-5.5000","5130"
"4927","泰鼎-KY","1854000","109720400","59.30","60.40","58.40","58.50","-1.0000","1057"
"4930","燦星網","59000","1578400","26.90","26.90","26.60","26.70","-0.0500","46"
"4934","太極","1338000","36616550","27.10","27.95","26.80","27.45","0.7500","747"
"4935","茂林-KY","157000","9890700","63.30","63.90","62.20","62.60","-1.1000","114"
"4938","和碩","5149000","324733600","62.70","63.50","62.70","63.00","-0.8000","2638"
"4942","嘉彰","76000","2780650","36.85","37.05","36.35","36.55","-0.3000","55"
"4943","康控-KY","65000","468750","7.17","7.40","7.14","7.14","0.0100","39"
"4952","凌通","384000","18588800","49.05","49.05","48.05","48.15","-1.0000","281"
"4956","光鋐","303000","4418050","14.80","14.85","14.20","14.60","-0.2000","125"
"4958","臻鼎-KY","7180000","893791500","127.50","127.50","122.50","122.50","-4.5000","3944"
"4960","誠美材","2312000","23060720","10.05","10.10","9.91","9.96","-0.0900","535"
"4961","天鈺","3555000","424646000","121.00","123.00","117.00","117.50","-3.5000","2680"
"4967","十銓","332000","9964500","30.15","30.70","29.75","30.70","0.4000","169"
"4968","立積","2585000","319695000","125.00","126.50","121.00","124.00","-2.0000","1849"
"4976","佳凌","472000","18703450","40.20","40.60","39.15","39.25","-0.9500","330"
"4977","眾達-KY","9215000","1061106500","117.50","119.50","110.00","110.50","-4.5000","5986"
"4989","榮科","234000","6141050","26.70","26.75","26.00","26.25","-0.6500","160"
"4994","傳奇","114000","4746000","42.50","42.50","41.10","41.10","-1.3000","100"
"4999","鑫禾","41000","1516450","37.00","37.20","36.80","37.10","-0.2500","33"
"5007","三星","28000","1432900","51.30","51.50","51.00","51.00","-0.7000","24"
"5203","訊連","109000","9138100","84.30","84.50","83.40","83.90","-0.7000","99"
"5215","科嘉-KY","272000","13228400","49.20","49.85","48.10","48.35","-1.0500","193"
"5222","全訊","2312000","339264000","153.50","154.00","142.00","143.00","-7.5000","1498"
"5225","東科-KY","885000","32721700","37.05","37.75","36.10","37.20","0.3000","570"
"5234","達興材料","252000","17652300","70.70","70.80","69.70","69.70","-1.0000","157"
"5243","乙盛-KY","2462000","153890700","63.10","64.10","61.50","61.90","-1.8000","1479"
"5244","弘凱","91000","2495350","27.65","27.65","27.10","27.45","-0.0500","58"
"5258","虹堡","6750000","454357400","68.90","69.30","66.00","66.30","-2.3000","4265"
"5269","祥碩","1079000","773195000","732.00","733.00","706.00","706.00","-27.0000","966"
"5283","禾聯碩","25000","2595500","104.00","104.00","103.50","104.00","0.0000","25"
"5284","jpp-KY","4444000","277439000","59.40","63.10","59.30","63.10","5.7000","2011"
"5285","界霖","298000","19570900","66.70","66.90","65.00","65.20","-1.5000","239"
"5288","豐祥-KY","141000","24600000","173.50","176.50","172.00","175.00","1.5000","111"
"5306","桂盟","230000","35667000","152.50","157.00","152.50","156.50","3.0000","147"
"5388","中磊","5992000","488127200","81.90","82.80","80.40","80.40","-2.8000","3334"
"5434","崇越","430000","73190000","172.00","173.00","167.50","169.50","-3.0000","320"
"5469","瀚宇博","1372000","46129000","34.00","34.15","33.25","33.35","-0.8000","764"
"5471","松翰","623000","31290200","50.50","51.00","49.75","49.95","-1.1500","438"
"5484","慧友","17000","235100","13.75","14.00","13.70","14.00","0.1500","15"
"5515","建國","67000","775900","11.70","11.70","11.45","11.60","-0.1000","30"
"5519","隆大","135000","3086300","22.85","22.95","22.80","22.80","-0.2000","108"
"5521","工信","479000","3192700","6.70","6.71","6.64","6.65","-0.0900","143"
"5522","遠雄","1250000","65871900","53.20","53.30","52.30","52.40","-0.7000","860"
"5525","順天","22000","519900","23.80","23.80","23.55","23.70","0.0000","18"
"5531","鄉林","136000","1290450","9.56","9.56","9.43","9.47","-0.0900","62"
"5533","皇鼎","73000","1283550","17.50","17.65","17.50","17.60","0.0000","53"
"5534","長虹","121000","8656100","71.40","71.80","71.20","71.50","0.0000","100"
"5538","東明-KY","20000","834500","41.50","41.90","41.50","41.50","-0.4000","9"
"5546","永固-KY","13000","616150","48.35","48.35","47.20","47.20","-0.8000","10"
"5607","遠雄港","552000","28796000","52.30","52.80","51.60","52.20","0.0000","370"
"5608","四維航","8545000","215741050","25.10","25.65","24.85","25.10","-0.0500","3603"
"5706","鳳凰","872000","49840300","57.30","58.40","55.70","56.80","-0.4000","597"
"5871","中租-KY","5620000","1180335500","214.00","214.00","207.00","208.00","-6.5000","3325"
"5871A","中租-KY甲特","75000","7267400","97.00","97.00","96.80","96.80","0.0000","37"
"5876","上海商銀","5760000","275740050","46.80","48.20","46.80","47.90","1.1000","2178"
"5880","合庫金","11788000","307225750","25.80","26.30","25.70","26.05","0.2500","3586"
"5906","台南-KY","7000","216600","30.85","31.50","30.35","30.35","-0.2500","7"
"5907","大洋-KY","1877000","31736450","17.15","17.30","16.30","16.85","-0.1000","991"
"6005","群益證","2226000","25633400","11.50","11.65","11.45","11.55","0.0000","701"
"6024","群益期","114000","4250750","37.30","37.35","37.20","37.35","0.0500","67"
"6108","競國","61000","1022950","16.85","16.85","16.70","16.80","0.0000","50"
"6112","邁達特","206000","6707250","32.60","32.70","32.45","32.55","-0.1500","42"
"6115","鎰勝","94000","4010000","42.80","42.80","42.50","42.65","0.1500","63"
"6116","彩晶","7811000","87053250","11.25","11.35","11.05","11.05","-0.2000","2022"
"6117","迎廣","260000","3797750","15.00","15.00","14.40","14.55","-0.3000","139"
"6120","達運","940000","8501860","9.10","9.13","8.98","9.00","-0.1300","413"
"6128","上福","123000","3625850","29.55","29.65","29.35","29.50","-0.0500","57"
"6133","金橋","8309000","209943850","26.00","26.20","24.50","24.85","-1.1000","3571"
"6136","富爾特","49000","894250","18.25","18.35","18.15","18.30","0.0500","37"
"6139","亞翔","3240000","118149350","37.90","37.90","35.15","36.60","-0.5500","1905"
"6141","柏承","21000","406500","19.35","19.40","19.20","19.30","-0.1000","17"
"6142","友勁","983000","9364830","9.70","9.70","9.40","9.45","-0.2900","355"
"6152","百一","698000","7567300","10.95","11.05","10.70","10.80","-0.2000","343"
"6153","嘉聯益","21535000","562356150","26.80","26.95","25.35","25.35","-1.9500","8801"
"6155","鈞寶","295000","7066800","24.30","24.60","23.60","23.70","-0.7500","188"
"6164","華興","1827000","19266900","10.35","10.85","10.20","10.20","-0.1000","758"
"6165","浪凡","327000","8961400","28.40","28.40","26.70","27.00","-1.4000","224"
"6166","凌華","74000","3835400","52.20","52.20","51.40","51.70","-0.5000","47"
"6168","宏齊","323000","5901100","18.35","18.55","18.15","18.15","-0.3500","203"
"6176","瑞儀","1506000","158330500","105.00","106.00","104.50","105.00","-0.5000","1069"
"6177","達麗","115000","3276450","28.65","28.65","28.35","28.60","0.0500","72"
"6183","關貿","27000","1591100","59.00","59.10","58.80","58.90","-0.2000","26"
"6184","大豐電","153000","7329350","47.85","48.00","47.50","48.00","0.1500","23"
"6189","豐藝","148000","5595250","37.90","37.90","37.70","37.85","-0.2000","118"
"6191","精成科","1248000","36013550","29.20","29.30","28.55","28.60","-0.6000","744"
"6192","巨路","105000","7322800","69.80","70.60","69.20","69.40","-0.6000","97"
"6196","帆宣","6983000","885792000","126.00","130.50","123.50","124.00","1.5000","4980"
"6197","佳必琪","2318000","94697350","39.40","42.25","39.40","40.30","1.6000","1536"
"6201","亞弘電","2000","78700","39.40","39.40","39.30","39.30","0.0000","2"
"6202","盛群","1027000","71506700","70.10","70.90","69.00","69.10","-1.4000","749"
"6205","詮欣","2595000","199105700","78.70","78.80","75.60","75.70","-3.0000","1587"
"6206","飛捷","419000","28997500","69.50","69.90","68.60","68.80","-0.6000","302"
"6209","今國光","270000","7191250","26.90","27.15","26.35","26.35","-0.5000","155"
"6213","聯茂","4068000","297315000","74.10","74.70","71.80","72.30","-2.9000","2640"
"6214","精誠","194000","13350900","69.10","69.50","68.30","68.60","-0.5000","141"
"6215","和椿","227000","4761200","21.10","21.20","20.70","20.70","-0.5000","102"
"6216","居易","419000","10957850","26.20","26.60","25.75","26.20","0.0000","203"
"6224","聚鼎","70000","3948800","56.20","57.10","56.00","56.30","-0.7000","60"
"6225","天瀚","33000","337850","10.05","10.30","10.05","10.30","0.9000","25"
"6226","光鼎","834000","9445650","11.40","11.55","11.20","11.30","-0.1500","382"
"6230","尼得科超眾","234000","31807500","133.00","144.00","129.00","129.50","-3.5000","225"
"6235","華孚","8466000","323448950","38.85","39.20","37.45","37.55","-1.1000","4343"
"6239","力成","3050000","254698200","84.70","84.70","82.80","82.90","-1.4000","2100"
"6243","迅杰","249000","6958400","28.05","28.55","27.30","27.70","-0.4000","168"
"6257","矽格","1304000","64582600","49.95","49.95","49.05","49.30","-0.7000","722"
"6269","台郡","5192000","548336500","112.50","112.50","102.00","103.50","-8.5000","3180"
"6277","宏正","65000","5006600","77.20","77.20","76.80","76.80","-0.1000","60"
"6278","台表科","1546000","149624900","95.70","98.40","95.70","96.20","-0.4000","1050"
"6281","全國電","24000","1958300","81.40","81.80","81.40","81.60","-0.1000","16"
"6282","康舒","3191000","96031850","30.35","30.60","29.60","29.90","-0.3000","1681"
"6283","淳安","308000","10770050","35.55","36.00","34.50","34.55","-1.0000","195"
"6285","啟碁","8803000","776015600","89.60","90.00","86.70","88.10","-1.5000","5069"
"6288","聯嘉","1648000","41868450","25.50","25.90","25.00","25.10","-0.5000","784"
"6405","悅城","11000","236850","21.50","21.85","21.35","21.55","-0.1000","8"
"6409","旭隼","244000","420505000","1730.00","1745.00","1690.00","1710.00","0.0000","231"
"6412","群電","189000","13758200","73.00","73.10","72.30","73.10","0.2000","125"
"6414","樺漢","3100000","660901500","207.50","217.50","207.00","212.50","9.0000","2119"
"6415","矽力*-KY","3207000","1575639500","496.00","504.00","482.00","483.50","-29.5000","2626"
"6416","瑞祺電通","290000","28168400","99.50","99.50","95.30","97.10","-1.6000","238"
"6426","統新","356000","25611900","73.40","73.80","70.50","70.90","-1.6000","288"
"6431","光麗-KY","152000","3229300","21.00","21.70","20.80","20.80","-0.2500","103"
"6438","迅得","531000","48024400","89.50","91.80","88.60","89.10","-0.3000","438"
"6442","光聖","963000","48411600","51.50","51.80","49.20","49.75","-1.5500","578"
"6443","元晶","10360000","343950700","33.50","33.90","32.65","32.80","-0.8000","5256"
"6449","鈺邦","34000","1396600","41.50","41.50","40.80","41.00","-0.6000","25"
"6451","訊芯-KY","197000","15840300","81.30","81.70","79.50","80.00","-1.8000","162"
"6456","GIS-KY","1437000","130065500","91.60","91.80","89.50","90.50","-1.2000","960"
"6464","台數科","50000","4986800","99.90","100.00","99.10","99.90","-0.1000","38"
"6477","安集","2722000","129530800","47.30","48.45","46.80","47.45","0.1500","1765"
"6491","晶碩","1995000","823822500","418.00","421.00","400.50","413.00","3.0000","1732"
"6504","南六","43000","3145000","73.40","73.50","72.70","73.40","0.0000","37"
"6505","台塑化","2499000","207038200","83.20","83.70","82.30","82.40","-0.9000","1405"
"6515","穎崴","1309000","630442500","499.50","500.00","467.50","470.50","-14.5000","1102"
"6525","捷敏-KY","149000","10561800","70.80","71.60","70.20","70.60","-0.3000","122"
"6531","愛普*","5549000","1061874000","194.50","196.50","187.50","187.50","-8.0000","3840"
"6533","晶心科","4957000","2560799000","531.00","534.00","507.00","510.00","-19.0000","4179"
"6541","泰福-KY","3071000","117535350","35.70","39.20","35.30","39.20","3.5500","1469"
"6550","北極星藥業-KY","7594000","820434000","107.50","110.50","105.50","107.00","-0.5000","4780"
"6552","易華電","91000","2915400","32.30","32.30","31.90","31.90","-0.7000","25"
"6558","興能高","1253000","31599500","25.40","26.10","24.50","24.70","-1.4500","785"
"6573","虹揚-KY","89000","1182850","13.65","13.65","13.10","13.25","-0.5000","66"
"6579","研揚","261000","22538200","87.00","89.50","83.60","85.50","-1.5000","202"
"6581","鋼聯","166000","15914000","95.30","97.20","94.80","95.60","0.4000","151"
"6582","申豐","137000","7840100","57.70","58.40","56.60","56.60","-1.1000","96"
"6585","鼎基","498000","27263400","58.20","58.70","52.90","53.00","-4.8000","393"
"6591","動力-KY","122000","5257350","43.30","43.55","42.75","42.90","-0.6000","90"
"6592","和潤企業","193000","19463000","100.50","102.00","100.00","100.50","-0.5000","144"
"6592A","和潤企業甲特","18000","1681500","93.30","93.50","93.30","93.50","0.2000","17"
"6598","ABC-KY","95000","2604050","27.45","27.75","27.00","27.30","-0.2500","68"
"6605","帝寶","818000","61303100","75.20","76.00","73.80","75.60","0.4000","497"
"6625","必應","85000","2913000","33.80","34.90","33.80","34.00","-0.2500","72"
"6641","基士德-KY","1000","53800","53.80","53.80","53.80","53.80","0.8000","1"
"6655","科定","7000","903000","128.50","130.00","128.50","129.00","1.0000","4"
"6666","羅麗芬-KY","4760000","422320100","88.20","93.00","83.90","86.70","1.6000","3678"
"6668","中揚光","951000","39781850","43.50","43.60","39.80","39.80","-2.4500","728"
"6669","緯穎","774000","694171000","899.00","906.00","883.00","899.00","8.0000","647"
"6670","復盛應用","624000","136358500","221.00","222.00","216.00","217.00","-5.0000","499"
"6671","三能-KY","24000","905200","39.20","39.20","37.40","37.90","-0.5500","20"
"6672","騰輝電子-KY","3248000","249399100","72.70","78.70","72.70","76.90","4.9000","2294"
"6674","鋐寶科技","32000","746500","23.25","23.50","23.00","23.50","0.4000","24"
"6689","伊雲谷","347000","28443600","83.00","83.60","81.00","81.20","-3.3000","271"
"6691","洋基工程","147000","28836500","196.00","198.00","195.00","196.00","1.5000","114"
"6695","芯鼎","2120000","107862200","52.20","53.30","48.60","50.30","-3.7000","1451"
"6698","旭暉應材","36000","1103900","31.25","31.35","30.05","30.40","-0.1500","29"
"6706","惠特","1705000","168119300","97.40","101.00","96.90","97.50","-0.5000","1371"
"6715","嘉基","200000","26040000","133.00","133.00","129.00","129.50","-2.5000","141"
"6719","力智","2514000","725650500","292.00","296.00","282.50","284.00","-7.5000","2165"
"6743","安普新","253000","10024750","39.10","40.40","38.50","39.15","0.0500","178"
"6754","匯僑設計","122000","6501600","52.30","53.80","52.30","53.40","0.0000","102"
"6756","威鋒電子","715000","152041500","217.00","217.50","208.50","209.50","-5.5000","617"
"6768","志強-KY","1519000","123581800","82.30","83.20","79.70","79.90","-1.8000","1018"
"6770","力積電","19457000","654361900","33.75","34.20","33.15","33.35","-0.6000","8493"
"6776","展碁國際","108000","4238500","39.30","39.35","39.00","39.15","-0.0500","51"
"6781","AES-KY","1989000","1600198000","787.00","824.00","786.00","797.00","10.0000","1832"
"6782","視陽","1227000","407394500","331.00","339.00","320.00","336.50","-1.0000","1028"
"6789","采鈺","1801000","416213500","238.00","238.00","226.00","228.00","-10.0000","1492"
"6790","永豐實","38000","1380200","36.10","36.50","36.10","36.40","-0.1000","34"
"6792","詠業","115000","8609900","75.30","76.60","73.70","73.90","-2.0000","96"
"6796","晉弘","206000","16461300","79.70","81.70","77.40","80.00","-0.5000","164"
"6799","來頡","259000","28276500","112.00","112.50","106.50","108.00","-4.0000","197"
"6806","森崴能源","2112000","146925800","70.10","71.60","68.30","68.50","-2.3000","1379"
"6807","峰源-KY","18000","462650","25.75","25.85","25.60","25.60","-0.1500","12"
"6830","汎銓","635000","67239500","101.00","109.50","100.00","105.50","5.9000","515"
"6834","天二科技","84000","2192600","26.30","26.30","26.00","26.00","-0.3000","50"
"6835","圓裕","176000","7051000","40.50","40.50","39.75","39.75","-0.4000","127"
"6854","錼創科技-KY創","76000","7640300","100.00","102.00","99.00","99.20","0.2000","73"
"8011","台通","561000","8554000","15.10","15.50","15.05","15.15","0.0000","312"
"8016","矽創","1312000","239176000","183.50","186.00","179.00","180.50","-4.0000","1067"
"8021","尖點","255000","7420550","29.80","29.80","28.65","28.95","-0.3000","171"
"8028","昇陽半導體","9832000","591027800","62.00","62.20","58.20","58.20","-3.1000","6157"
"8033","雷虎","8845000","400365500","45.80","46.70","44.40","44.45","-2.5500","5241"
"8039","台虹","256000","10666850","42.00","42.00","41.35","41.55","-0.7500","177"
"8046","南電","27751000","7945175000","300.00","300.00","277.50","278.50","-26.0000","19128"
"8070","長華*","685000","21779500","32.00","32.15","31.50","31.50","-0.7000","444"
"8072","陞泰","1553000","47160900","30.65","31.40","29.70","29.80","-1.0000","996"
"8081","致新","626000","90720000","146.00","148.00","142.50","143.50","-3.0000","486"
"8101","華冠","12000","72130","6.00","6.06","6.00","6.06","0.0300","8"
"8103","瀚荃","140000","4568750","32.85","33.00","32.30","32.30","-0.5500","93"
"8104","錸寶","682000","25860100","38.60","38.75","37.00","37.50","-1.0500","526"
"8105","凌巨","1538000","19431050","12.85","12.95","12.50","12.55","-0.3000","570"
"8110","華東","1007000","12617500","12.75","12.85","12.40","12.40","-0.2500","403"
"8112","至上","2605000","95027850","36.95","36.95","36.25","36.40","-1.1000","1544"
"8112A","至上甲特","10000","421550","42.20","42.35","42.10","42.10","-0.1000","9"
"8114","振樺電","1314000","158640500","123.00","124.00","118.50","119.50","-4.0000","927"
"8131","福懋科","217000","8438500","38.90","39.10","38.70","38.80","-0.3000","146"
"8150","南茂","2159000","72301700","33.50","33.90","33.25","33.30","-0.4000","1171"
"8163","達方","940000","36551900","39.15","39.30","38.60","38.70","-0.8000","625"
"8201","無敵","107000","1138650","10.75","10.85","10.50","10.55","-0.2500","75"
"8210","勤誠","398000","29196400","74.50","74.50","72.40","72.90","-1.6000","331"
"8213","志超","469000","16934300","36.45","36.50","35.65","35.85","-0.6500","271"
"8215","明基材","2207000","72848600","33.00","33.45","32.55","32.75","-0.2500","1238"
"8222","寶一","2739000","85986050","31.95","32.45","30.55","30.70","-0.9000","1584"
"8249","菱光","507000","13445200","26.90","27.10","26.20","26.20","-0.8000","289"
"8261","富鼎","5033000","562164500","113.00","114.50","109.50","110.00","-4.5000","3161"
"8271","宇瞻","305000","12697350","42.00","42.10","41.25","41.35","-0.9500","213"
"8341","日友","2567000","389177000","144.50","155.00","144.50","150.00","9.0000","1664"
"8367","建新國際","18000","640100","35.80","35.80","35.20","35.75","-0.0500","17"
"8374","羅昇","17000","478350","28.35","28.45","27.90","28.20","-0.3000","16"
"8404","百和興業-KY","48000","1291000","26.95","27.10","26.80","26.90","-0.1000","34"
"8411","福貞-KY","77000","1013750","13.20","13.20","13.10","13.20","0.0000","52"
"8422","可寧衛","815000","147389500","176.00","184.00","176.00","181.00","5.5000","641"
"8429","金麗-KY","4116000","43104690","9.65","10.60","9.65","10.45","0.8000","1642"
"8438","昶昕","55000","1447900","26.40","26.50","26.10","26.10","-0.4500","24"
"8442","威宏-KY","105000","8101500","76.50","77.50","76.30","77.20","-0.1000","70"
"8443","阿瘦","33000","364000","11.05","11.15","10.95","10.95","-0.2000","25"
"8454","富邦媒","1160000","724141000","602.00","637.00","602.00","624.00","19.0000","1057"
"8462","柏文","125000","16207000","131.00","131.50","128.00","129.00","-4.0000","115"
"8463","潤泰材","210000","4827800","22.90","23.10","22.85","23.05","0.1500","127"
"8464","億豐","455000","128378000","280.00","285.00","277.00","283.00","5.0000","351"
"8466","美吉吉-KY","58000","2404000","41.15","42.85","40.75","42.40","1.2500","40"
"8467","波力-KY","69000","4070700","60.10","60.20","58.10","58.80","-1.3000","59"
"8473","山林水","52000","1426150","27.45","27.50","27.25","27.30","-0.1000","12"
"8478","東哥遊艇","4571000","1418481000","317.00","319.00","299.50","313.00","-1.5000","3554"
"8480","泰昇-KY","1000","84600","84.60","84.60","84.60","84.60","-0.3000","1"
"8481","政伸","8000","467700","59.00","59.00","58.10","58.20","-0.7000","8"
"8482","商億-KY","6000","426900","71.30","71.30","71.10","71.10","-0.2000","6"
"8488","吉源-KY","30000","475100","15.85","15.85","15.75","15.85","0.0000","22"
"8499","鼎炫-KY","50000","5239000","105.00","106.00","104.00","105.00","0.5000","30"
"8926","台汽電","1269000","40405150","32.10","32.30","31.55","31.80","-0.3000","812"
"8940","新天地","251000","4131950","17.00","17.00","16.00","16.30","-0.7000","172"
"8996","高力","12435000","2023829500","166.00","169.00","156.50","164.00","-2.5000","8002"
"9103","美德醫療-DR","312000","2085760","6.78","6.78","6.61","6.62","-0.2100","128"
"910322","康師傅-DR","70000","1827850","25.65","26.30","25.65","26.15","0.7500","27"
"9105","泰金寶-DR","6975000","28609710","4.06","4.15","4.06","4.06","-0.0100","1204"
"910861","神州-DR","67000","488780","7.20","7.42","7.20","7.30","0.1000","13"
"9110","越南控-DR","60000","177530","2.99","3.00","2.91","2.99","0.0900","15"
"911608","明輝-DR","77000","188510","2.46","2.47","2.43","2.43","-0.0300","27"
"911622","泰聚亨-DR","6000","29720","4.93","5.00","4.93","4.95","-0.0700","5"
"911868","同方友友-DR","43000","49390","1.16","1.16","1.14","1.14","-0.0200","13"
"912000","晨訊科-DR","139000","333520","2.41","2.42","2.38","2.38","-0.0200","54"
"9136","巨騰-DR","451000","2958450","6.31","6.65","6.31","6.65","0.2900","96"
"9802","鈺齊-KY","1043000","159451500","152.00","154.50","151.00","152.00","0.0000","807"
"9902","台火","297000","3864600","12.85","13.20","12.85","13.00","0.1500","150"
"9904","寶成","8629000","280427100","32.30","32.70","32.20","32.40","0.1000","2905"
"9905","大華","26000","637250","24.45","24.55","24.45","24.50","-0.0500","12"
"9906","欣巴巴","32000","1427350","44.90","44.90","44.40","44.55","-0.3000","28"
"9907","統一實","3357000","60824500","17.95","18.35","17.85","18.00","0.0500","1176"
"9908","大台北","45000","1415600","31.45","31.65","31.40","31.50","-0.2000","30"
"9910","豐泰","604000","113475500","188.00","189.00","184.50","188.50","2.5000","427"
"9911","櫻花","95000","5939500","63.00","63.00","62.20","62.90","0.2000","86"
"9912","偉聯","34000","327970","9.70","9.70","9.60","9.61","-0.1400","24"
"9914","美利達","466000","87445500","190.00","190.00","185.00","188.50","0.5000","366"
"9917","中保科","265000","25978700","97.90","98.90","97.40","98.90","1.0000","208"
"9918","欣天然","","","","","","","0.0000",""
"9919","康那香","7273000","125932350","17.50","17.60","17.05","17.25","-0.1500","1110"
"9921","巨大","599000","136546000","227.00","230.00","226.00","228.00","1.0000","446"
"9924","福興","165000","6851700","41.50","41.75","41.35","41.60","0.1000","108"
"9925","新保","155000","6060650","39.00","39.20","39.00","39.05","-0.1000","101"
"9926","新海","","","","","","","0.0000",""
"9927","泰銘","206000","7736050","37.80","37.95","37.35","37.65","-0.1500","126"
"9928","中視","282000","6048200","21.30","22.30","21.05","21.50","0.1000","160"
"9929","秋雨","27000","231990","8.63","8.65","8.50","8.54","-0.1000","14"
"9930","中聯資源","28000","1279450","45.80","45.80","45.50","45.65","-0.1500","26"
"9931","欣高","4000","156000","39.00","39.00","39.00","39.00","-0.0500","3"
"9933","中鼎","7565000","325256200","42.05","43.90","42.05","42.15","0.1000","4019"
"9934","成霖","1130000","15586300","14.10","14.10","13.45","13.80","-0.2500","388"
"9935","慶豐富","63000","1106350","17.60","17.65","17.50","17.65","0.0500","38"
"9937","全國","17000","870500","51.40","51.40","51.00","51.00","-0.4000","14"
"9938","百和","628000","34074500","54.30","54.90","53.60","54.50","0.0000","475"
"9939","宏全","1031000","86506700","83.60","84.50","82.90","84.10","0.5000","680"
"9940","信義","100000","2871250","28.60","28.90","28.55","28.85","0.3000","78"
"9941","裕融","796000","125456500","158.50","160.00","155.50","157.50","-0.5000","610"
"9941A","裕融甲特","15000","753700","50.20","50.30","50.20","50.30","0.1000","9"
"9942","茂順","878000","99505500","112.50","116.00","111.00","111.00","-1.5000","617"
"9943","好樂迪","32000","2027100","63.50","63.80","63.10","63.20","-0.3000","27"
"9944","新麗","143000","2946250","20.60","20.65","20.50","20.60","-0.0500","40"
"9945","潤泰新","11136000","509978150","45.95","46.30","45.20","45.60","-0.8500","5499"
"9946","三發地產","72000","888100","12.30","12.40","12.25","12.35","0.0000","47"
"9955","佳龍","595000","12032050","20.60","20.60","19.85","20.25","-0.2000","325"
"9958","世紀鋼","7582000","666062200","89.60","90.90","85.70","85.90","-4.3000","4347"
